|uuid|,|group|
|e390c8ec-8dc5-4277-bf9e-ff308b3b1347|,|accusantium laborum iure|
|9c83fa13-b9e8-4ae4-b276-9e147595d1b7|,|expedita iure magnam|
|1731cef6-d936-45fa-b6b0-9b9530df7ba2|,|recusandae earum aliquam|
|c7aecdba-58ac-4464-bee1-278083207d81|,|vitae eveniet autem|
|5855fb2e-3edd-40e4-a259-d49b74961ff6|,|enim maiores nulla|
|210fdfb2-80b2-4ae9-86dd-02d807c148a4|,|repellendus odit aliquam|
|7d076066-9c68-4c1f-a4b6-f61c4f417a3f|,|quasi eos sequi|
|b68191f5-0bb9-438d-9788-653beb3cf08d|,|accusantium soluta cupiditate|
|cbfd812d-7b13-4b1c-8193-82a521ce6fb6|,|nesciunt quidem iure|
|91db9a6d-dce0-4c26-969d-d41c32f76122|,|odio neque praesentium|
