|uuid|,|title|,|description|,|group_id|
|f19c962e-eec0-455f-baa9-c0ba6986d01b|,|autem deserunt quo quaerat deleniti|,|aut soluta repudiandae numquam accusantium pariatur culpa fugiat ducimus laudantium consequatur quam rerum dolorem beatae cum eius magni in architecto nihil similique odit été distinctio eligendi alias optio asperiores incidunt unde quaerat dolor a animi sapiente vel saepe ad iusto doloribus libero voluptates voluptate explicabo velit officiis praesentium accusamus possimus|,|cbfd812d-7b13-4b1c-8193-82a521ce6fb6|
|4a678061-cb16-4cb2-9de3-0b00d5b0dd89|,|alias perspiciatis niña a recusandae|,|eaque culpa distinctio dolore expedita inventore non soluta architecto doloremque voluptate impedit praesentium minus tenetur tempore id harum laboriosam temporibus veritatis hic esse iusto ducimus neque nihil alias velit quo omnis ut quas dolorum illo suscipit recusandae obcaecati aperiam corrupti aliquam tempora est magni deserunt fugiat beatae quae adipisci placeat|,|210fdfb2-80b2-4ae9-86dd-02d807c148a4|
|609cbd3a-24ff-401e-9501-402d60fe6d92|,|voluptas labore repudiandae similique eos|,|vel obcaecati quod ex fugit architecto provident veniam fugiat labore a accusamus culpa ipsam consequuntur saepe unde animi eligendi odit quidem dicta sapiente ullam itaque earum iste numquam ea asperiores eveniet incidunt illo at voluptas amet nostrum neque perferendis suscipit sunt ad esse corporis id debitis alias rem necessitatibus iusto|,|1731cef6-d936-45fa-b6b0-9b9530df7ba2|
|d1328420-87d8-40e8-b725-ef3217ffa157|,|mollitia optio dolorum inventore perferendis|,|dolores dicta culpa quidem sit consequatur sint doloribus nisi architecto at ratione repellat veritatis quae sequi aliquam perspiciatis necessitatibus labore voluptas harum exercitationem deleniti pariatur maxime quod quam tenetur non eaque soluta qui mollitia impedit eius deserunt fugiat sed a commodi magni quasi iste quaerat adipisci eveniet voluptatum voluptatibus blanditiis|,|91db9a6d-dce0-4c26-969d-d41c32f76122|
|4094d238-8322-42f5-a293-c46c94db1a25|,|excepturi unde ut inventore quia|,|laudantium illo voluptas minima 日本 itaque aperiam dolor adipisci aut praesentium illum facilis dolores iure quam error quo iste magnam qui enim natus ducimus rerum distinctio dolorum doloremque consequatur sed inventore amet ea vitae sequi perspiciatis quasi eos suscipit soluta alias voluptatum veniam exercitationem ipsum quae modi consectetur tempora hic|,|1731cef6-d936-45fa-b6b0-9b9530df7ba2|
|27e8326b-d1cf-4762-9de7-937ab5c2d725|,|quos a illum adipisci sapiente|,|maxime ex fuga quasi nobis quaerat nostrum eligendi incidunt quod minima eveniet est deleniti illo laudantium niña harum aspernatur aliquam ducimus sed quidem natus impedit unde quos iste in quis 日本 et nisi blanditiis hic sapiente doloribus consequatur distinctio cupiditate praesentium quia ipsum sit earum non labore ad quas magnam|,|c7aecdba-58ac-4464-bee1-278083207d81|
|5293ca93-d0d2-4c0b-b274-a42e6a40a61e|,|ducimus molestiae voluptates nostrum magnam|,|suscipit sit reprehenderit excepturi beatae qui obcaecati porro tenetur id unde veritatis voluptatum ad asperiores dolore dolorum et quaerat ullam labore quod nesciunt magnam dolor exercitationem voluptas facere eius minus eos omnis dicta quo 日本 placeat été provident nihil deserunt eveniet aut rerum consequuntur esse voluptatibus numquam assumenda at sunt|,|cbfd812d-7b13-4b1c-8193-82a521ce6fb6|
|d45ee420-74c3-4021-86e8-2a2f286f107c|,|perferendis nobis suscipit commodi veritatis|,|asperiores quo aut reprehenderit modi exercitationem illum repellat saepe harum veniam ducimus possimus sunt quod omnis voluptatibus atque magnam été beatae ut magni consequatur ipsam totam quasi provident ex odit optio temporibus quos necessitatibus officia fuga ab vitae delectus dolore quaerat consequuntur velit molestias deserunt soluta quidem qui itaque maxime|,|e390c8ec-8dc5-4277-bf9e-ff308b3b1347|
|3dc47b0d-5450-4a1b-9a3b-83dc1c536658|,|eligendi ut facilis ea dolor|,|dolore commodi placeat vero reprehenderit labore at sit été ducimus quia totam tempora rerum iste aliquid molestias cum quasi facilis saepe iusto nesciunt illo ullam veniam dolorem cumque pariatur voluptas et error neque quibusdam sed dolorum adipisci accusantium porro laboriosam culpa facere distinctio eos voluptate unde consectetur consequatur harum dolor|,|7d076066-9c68-4c1f-a4b6-f61c4f417a3f|
|fdb39a44-de04-4f7f-87cd-209664856ece|,|id quis voluptatem quasi ea|,|illum atque voluptatem aliquid nisi vitae recusandae saepe deserunt quisquam a tenetur quaerat numquam totam explicabo ut sequi voluptate non libero ad hic quod aliquam in dolorum pariatur repellendus repudiandae iste tempore ullam quasi eveniet veritatis voluptates dignissimos consequatur similique repellat fuga ipsum dolorem et eos autem adipisci vero reiciendis|,|b68191f5-0bb9-438d-9788-653beb3cf08d|
|ebfeb734-1534-41b5-a1a8-8041d1763613|,|beatae esse similique eligendi sequi|,|optio architecto excepturi laboriosam similique aliquam culpa facilis aperiam eaque sunt sint dolorem enim niña eveniet molestias impedit adipisci esse hic incidunt odit voluptate recusandae nam commodi magnam accusamus autem ullam animi fuga cum soluta sit ipsa beatae a nulla at dicta deleniti laborum et quia minus rem repellat voluptatem|,|210fdfb2-80b2-4ae9-86dd-02d807c148a4|
|dcac5756-b9eb-4b93-80cd-18877b1f6a8d|,|dolorem illo autem nulla dolor|,|distinctio incidunt impedit quaerat omnis ex repellat perspiciatis eos consequatur vero officiis fugiat provident saepe hic veritatis animi eius soluta reprehenderit blanditiis neque quas non mollitia rerum ipsam molestiae ab sapiente architecto sit natus eligendi sed consequuntur a quam facere été ipsum temporibus deserunt dolor eum enim necessitatibus aperiam ut|,|e390c8ec-8dc5-4277-bf9e-ff308b3b1347|
|ddac3d54-3c56-48bf-b2ef-f6c326151a58|,|ipsum eaque asperiores dolorem consectetur|,|facere praesentium in quos veniam enim eveniet assumenda architecto dolore sed minus veritatis magni aliquid laboriosam possimus aspernatur quasi quam id aut ipsum quas mollitia repudiandae delectus atque natus quod doloremque consequuntur voluptates expedita exercitationem laborum culpa voluptate nemo repellendus placeat a harum nam aperiam accusantium hic vero velit deserunt|,|1731cef6-d936-45fa-b6b0-9b9530df7ba2|
|43db3cd6-490a-49c9-9c6e-bde90976379f|,|totam sunt pariatur reiciendis libero|,|consectetur nihil ipsam molestiae iusto sint dolore totam corporis ipsa vitae adipisci reiciendis nisi delectus similique dignissimos été quidem odit temporibus niña praesentium quod illo doloribus sed ex cupiditate corrupti accusamus impedit iure sequi error ipsum dolor eaque beatae sapiente deserunt rem accusantium exercitationem aliquam placeat omnis assumenda vero maiores|,|c7aecdba-58ac-4464-bee1-278083207d81|
|e146e5c2-432e-4e56-a3b8-aaba0997ffaf|,|consequuntur iure corporis non assumenda|,|aliquam ratione et ullam harum quas voluptates possimus saepe dignissimos impedit ex tempore optio tempora quasi repellat fugiat quae atque incidunt sapiente tenetur necessitatibus qui repellendus itaque rem iure non aliquid ab error nesciunt perferendis totam sint quis voluptatibus sunt expedita quisquam eum veniam architecto eius libero praesentium vel ad|,|b68191f5-0bb9-438d-9788-653beb3cf08d|
|d1bf1958-c0f6-4da0-bb49-faf55dc7757f|,|saepe omnis optio et sed|,|dolor ab magnam sunt reprehenderit quidem quis cumque voluptatem doloremque excepturi distinctio eum veritatis provident non ea nobis ullam obcaecati laudantium accusantium modi rerum laboriosam unde veniam été minus aut expedita ut possimus perferendis dolores voluptatibus aspernatur porro in beatae magni est alias molestiae ipsum eveniet tempora deleniti incidunt atque|,|91db9a6d-dce0-4c26-969d-d41c32f76122|
|7752d853-cb60-468b-9daf-cf4da79cf1d4|,|at iure nobis quod recusandae|,|dicta adipisci assumenda error porro praesentium accusantium repudiandae dolores consequuntur unde similique sunt quibusdam amet voluptatum repellat reiciendis officiis ea mollitia maxime quod numquam deleniti quaerat magnam possimus minima voluptatem architecto enim quasi velit placeat ab quae odit hic nam labore consequatur quidem pariatur veniam quam voluptates doloremque sequi provident|,|e390c8ec-8dc5-4277-bf9e-ff308b3b1347|
|a70a809f-25c3-443a-b417-6452f0efce0e|,|laborum dicta eaque été nam|,|laudantium cum dolorum explicabo delectus dolorem officiis rem molestias cupiditate commodi sapiente veniam molestiae modi nostrum excepturi facilis sit consequatur dolore esse velit vitae iure autem fuga eos ipsa obcaecati est impedit quae quidem tempora fugit nisi tenetur sequi quos adipisci ut minus itaque quibusdam labore 日本 nam incidunt nihil|,|e390c8ec-8dc5-4277-bf9e-ff308b3b1347|
|e5d3df40-7ccd-47a4-8b05-9b5ac25e7d4a|,|libero nulla tempore doloribus dolore|,|voluptatum voluptatem totam quibusdam vel dolore id maxime iste eligendi excepturi suscipit saepe adipisci earum maiores nostrum reprehenderit sed reiciendis commodi aperiam ea aut quia consequatur nisi quo nihil sequi esse repellendus unde possimus error magnam officia at veniam soluta laudantium ex quas ipsam dolorem velit amet assumenda omnis animi|,|9c83fa13-b9e8-4ae4-b276-9e147595d1b7|
|f773374e-c765-48b7-9bdb-9c3f2a7f2c74|,|amet 日本 eius aperiam cumque|,|mollitia excepturi voluptas consequatur explicabo iure vero niña exercitationem fuga deleniti laborum doloribus possimus non consectetur minima maiores rerum vitae sequi quam iste culpa sapiente quas libero eius suscipit perferendis velit porro voluptates deserunt tenetur été quaerat fugit sed a 日本 aut esse natus obcaecati dolore ea repudiandae corporis debitis|,|91db9a6d-dce0-4c26-969d-d41c32f76122|
|45cce504-fbef-481c-86b8-efdc9d458d41|,|minus quis inventore porro sequi|,|eligendi tempore ducimus debitis mollitia sit niña deleniti necessitatibus rerum laborum commodi numquam fugiat recusandae accusantium consequatur alias maxime error at doloribus dolores ab laudantium suscipit voluptate iusto unde amet doloremque laboriosam corporis magni impedit voluptatum nulla minus libero iure modi veritatis corrupti placeat distinctio aut atque eaque nostrum aperiam|,|cbfd812d-7b13-4b1c-8193-82a521ce6fb6|
|03b414a7-7085-4a48-b551-60fed3e56b51|,|quidem sit harum ab tempora|,|suscipit explicabo facilis soluta incidunt velit quisquam eveniet voluptatem deleniti veniam sint voluptate unde voluptatum adipisci ducimus iusto quaerat dignissimos totam ea quidem doloremque vitae id impedit minus quasi maiores numquam officia accusamus odio aut 日本 sapiente aliquid laudantium voluptates nemo voluptas illum fugit nam amet sed quibusdam dolorem tempore|,|91db9a6d-dce0-4c26-969d-d41c32f76122|
|6fe8d3c4-2a97-45ad-b743-9297ac872a17|,|ex aut consequuntur aperiam totam|,|molestiae maxime sint earum dolor atque ea ducimus natus quos numquam esse vero accusantium minus obcaecati ratione repellat totam facilis nisi expedita veniam dolorem sunt architecto aliquid tempore dolore sapiente animi omnis sed at voluptas temporibus necessitatibus eveniet repudiandae iste laborum repellendus adipisci accusamus quas consectetur et culpa porro deleniti|,|9c83fa13-b9e8-4ae4-b276-9e147595d1b7|
|37baaaf7-64ff-4455-9173-a3d52183d57c|,|velit nostrum cumque veritatis debitis|,|voluptatum vitae corrupti consequatur harum dignissimos nam vero dicta quibusdam nulla velit voluptates quaerat officiis adipisci mollitia ipsam cumque repellendus culpa at niña qui été voluptas rem magni quod illo voluptatibus possimus fugiat aspernatur beatae quae nobis esse ab saepe enim error hic itaque sequi inventore libero sed sit facilis|,|b68191f5-0bb9-438d-9788-653beb3cf08d|
|579e9cc0-0475-488b-b6be-7c564d8d122c|,|quidem aspernatur similique rerum at|,|molestiae ratione excepturi dolor voluptatibus quae inventore neque consequuntur 日本 recusandae tempore incidunt nostrum fugit blanditiis laborum aut provident quis reiciendis est sit explicabo assumenda odio laudantium earum porro dolore nemo similique sed magni exercitationem nam adipisci sint iste labore doloremque consectetur corrupti officia distinctio natus nobis ipsa iusto architecto|,|9c83fa13-b9e8-4ae4-b276-9e147595d1b7|
|c470294c-dba9-4503-baf4-7f2f1a261b23|,|dignissimos placeat exercitationem sequi itaque|,|dolore deleniti velit optio voluptatum obcaecati accusantium pariatur provident eligendi quo saepe a nemo eos iste aut numquam illo odit commodi doloremque veritatis repellat voluptate atque adipisci repudiandae corrupti quod nesciunt reiciendis officia enim explicabo unde hic tenetur expedita tempore in ratione quibusdam libero molestiae ex temporibus cum quaerat magni|,|7d076066-9c68-4c1f-a4b6-f61c4f417a3f|
|2732a09e-7084-46cd-88e3-601854b22c21|,|eos reiciendis magnam soluta autem|,|non praesentium quasi ducimus sed porro quas explicabo quis aliquam repudiandae accusantium voluptatem ipsum a accusamus excepturi quod beatae error repellendus cum dolorum eos adipisci pariatur fugit maiores ipsam delectus reiciendis optio ex expedita dolorem voluptas harum facilis inventore rem quaerat ut voluptatibus repellat maxime et iste eius tenetur recusandae|,|b68191f5-0bb9-438d-9788-653beb3cf08d|
|3a4c6cc6-3bb0-4d58-8509-990334c9ab08|,|non numquam doloremque quaerat ipsum|,|labore atque deserunt perspiciatis possimus eius dignissimos nulla error cumque laudantium cupiditate ex harum ipsa necessitatibus iusto voluptatum dolorum rerum voluptatibus neque tenetur voluptate reiciendis repellendus minus odit illum obcaecati doloremque quae rem repudiandae dolorem nostrum laboriosam totam tempore mollitia doloribus quis praesentium quisquam ipsam molestiae quibusdam beatae est sit|,|1731cef6-d936-45fa-b6b0-9b9530df7ba2|
|a54f8a9d-4146-4453-9bba-5f76aa1b490c|,|vitae cupiditate vel tenetur maxime|,|quos a alias quidem tempora incidunt facilis voluptates excepturi odit ullam expedita sequi velit possimus suscipit assumenda reprehenderit corporis culpa repellendus aliquam molestias sunt laborum doloribus explicabo voluptatem rem architecto fugiat minus earum distinctio ipsa ducimus voluptas iure amet magnam nobis quisquam beatae reiciendis optio nihil doloremque ea natus perspiciatis|,|e390c8ec-8dc5-4277-bf9e-ff308b3b1347|
|f332c013-a109-4149-ad77-0604516474e2|,|reprehenderit ipsum soluta ipsam numquam|,|ipsum temporibus odio corporis voluptatibus expedita rem eius architecto cumque alias maxime dolore distinctio et soluta explicabo tenetur consequuntur eos obcaecati quae earum tempore sapiente consectetur laudantium vitae enim est repellendus deleniti ipsam doloribus neque quas commodi minus sequi possimus illo beatae illum debitis perspiciatis ipsa libero cupiditate odit quasi|,|7d076066-9c68-4c1f-a4b6-f61c4f417a3f|
|f5597dc3-82d9-41a5-97ef-4ff0cbede0f4|,|magnam corrupti tempore eligendi illum|,|iusto voluptate laboriosam corrupti accusamus animi delectus neque doloremque ad esse nulla sapiente ipsam aliquid eligendi velit magnam saepe consectetur suscipit reiciendis perspiciatis provident quos ipsa possimus odio similique quibusdam officia voluptatibus tempora quia labore architecto nemo dignissimos eos sequi obcaecati commodi atque id mollitia quaerat iure rem perferendis sit|,|e390c8ec-8dc5-4277-bf9e-ff308b3b1347|
|57387071-7cb0-4768-a6e3-8dc57ba2bdea|,|maxime a qui error beatae|,|facere incidunt unde excepturi reiciendis nesciunt temporibus atque dolorem consectetur eos suscipit recusandae ex magni officia amet doloribus quae quasi praesentium voluptatum tempore laboriosam aliquid accusamus laborum vero nostrum perspiciatis fugiat tenetur sit culpa voluptates sapiente sed ducimus enim soluta eaque minima quidem expedita earum quaerat ad officiis molestiae possimus|,|cbfd812d-7b13-4b1c-8193-82a521ce6fb6|
|1742a20d-d91d-435d-8f16-c08093e2137e|,|voluptates placeat repudiandae illum aliquam|,|quisquam dolorum nostrum asperiores et nihil quaerat iure illum voluptate ea minus commodi nulla culpa perferendis consequatur ex repudiandae tempore modi corrupti ducimus omnis quas iusto inventore ipsam deleniti officia accusantium aspernatur officiis veniam assumenda a ipsum aut animi sed quo corporis sunt magnam exercitationem necessitatibus minima error architecto fugit|,|9c83fa13-b9e8-4ae4-b276-9e147595d1b7|
|fadd4947-711d-4358-b494-745f78b02f66|,|laboriosam deleniti tempore maxime itaque|,|non neque consequatur accusamus repellat quo pariatur sint nemo quibusdam culpa adipisci quos nisi molestias quisquam quaerat distinctio dolorem fuga quis asperiores vitae dolore mollitia sunt iusto consequuntur tempore fugit rem ab illum libero odio est doloremque voluptatum minima odit deserunt hic officia sit debitis tempora nobis quae ut velit|,|b68191f5-0bb9-438d-9788-653beb3cf08d|
|22b6e3eb-b163-4c60-8269-6985d71c1c9e|,|incidunt vero dolorem aut illo|,|saepe modi neque quas soluta sapiente nostrum commodi repellendus 日本 tenetur animi accusamus quo adipisci reiciendis architecto ipsum laborum at obcaecati eveniet doloremque facilis a quae nesciunt voluptatum libero alias vero nobis maiores ad aperiam dolores eligendi ullam placeat dignissimos et maxime error officia molestias doloribus perferendis rem optio veniam|,|cbfd812d-7b13-4b1c-8193-82a521ce6fb6|
|8b8fcf11-3eb7-45bb-9a77-1dfea948e31e|,|quisquam facere est unde dolores|,|eaque est reiciendis ea nostrum nisi ratione aliquam odit aliquid maiores fuga quia asperiores placeat delectus voluptatem culpa praesentium laborum ullam illum harum cumque incidunt eveniet suscipit cupiditate laudantium exercitationem quae amet quo velit veritatis error niña qui maxime at fugit eos quidem officia possimus optio sunt temporibus pariatur in|,|210fdfb2-80b2-4ae9-86dd-02d807c148a4|
|c5fda59e-edba-4818-9081-a32a56f9a3fa|,|veniam rem animi error ad|,|at expedita incidunt vero obcaecati aspernatur voluptates error beatae aperiam asperiores id dolores nihil esse reprehenderit doloremque tempore similique quos eligendi consequatur autem unde totam fuga illum enim laudantium quibusdam officia laboriosam quas illo adipisci ipsum placeat blanditiis maiores velit iusto minima aut nesciunt eos molestiae distinctio soluta porro repellat|,|7d076066-9c68-4c1f-a4b6-f61c4f417a3f|
|1ca4f8d4-b0e4-4354-9049-73fb07441e01|,|doloribus laudantium eos adipisci unde|,|dicta sapiente quo sit possimus at fugit ea aspernatur dolor quaerat rerum amet delectus quia et consequuntur quae est officia quis corporis voluptatum illum laborum voluptas suscipit nobis accusantium libero minima maiores hic modi quos laboriosam nulla reprehenderit odio laudantium incidunt exercitationem porro unde corrupti optio voluptatem a doloremque ab|,|5855fb2e-3edd-40e4-a259-d49b74961ff6|
|2329cd2e-0f9b-4330-a8ab-71165f7269aa|,|obcaecati vero iusto ut aut|,|possimus consectetur optio delectus necessitatibus laudantium nobis ipsam voluptates quis exercitationem aut modi veritatis obcaecati commodi temporibus doloremque deserunt tempore autem soluta sequi tempora rem ullam repellendus perferendis adipisci nulla maiores amet culpa eius error porro quia odit 日本 excepturi consequuntur earum enim alias quo iure assumenda numquam fugit sapiente|,|c7aecdba-58ac-4464-bee1-278083207d81|
|bfb8e786-4c72-4804-b7ad-50aab32b33fe|,|optio natus veritatis inventore dolorem|,|illo ea voluptas sit aliquid itaque nam esse iure molestiae repellendus molestias sunt qui vero ad cumque laborum porro consequuntur ut delectus quibusdam aut reprehenderit doloribus ipsam explicabo non beatae nisi saepe enim consequatur sint sequi iste ducimus fugiat atque maxime niña rem recusandae quod obcaecati eaque error harum debitis|,|5855fb2e-3edd-40e4-a259-d49b74961ff6|
|0caf1915-435a-4861-a8bc-55de64621d82|,|dignissimos aspernatur ullam exercitationem unde|,|distinctio expedita perspiciatis excepturi veritatis deleniti ab repellat laborum placeat reiciendis corrupti ullam hic labore temporibus molestias niña velit quam perferendis dignissimos vero aut ut voluptatem nostrum explicabo incidunt tempora mollitia iusto quia rerum vel dicta magni ex unde ducimus quo atque sed asperiores animi corporis quaerat a dolores itaque|,|5855fb2e-3edd-40e4-a259-d49b74961ff6|
|523753a8-6bde-4315-8efc-fd08a27870f4|,|reiciendis quia rem esse perspiciatis|,|possimus eligendi accusantium repellendus praesentium necessitatibus molestiae voluptates ipsum quo itaque commodi aliquid magnam assumenda voluptatem quasi similique neque placeat error quia porro reiciendis iusto nostrum aut sequi adipisci doloribus provident fugiat totam modi alias vitae rem corporis obcaecati tempore nisi perspiciatis quidem nesciunt soluta minima maxime est ea ut|,|210fdfb2-80b2-4ae9-86dd-02d807c148a4|
|4e402885-3d66-4828-8952-d9ae683ae1b7|,|fuga eligendi molestias dolore suscipit|,|qui dolores magnam laudantium eveniet deleniti quos hic enim minus doloremque delectus repudiandae consectetur expedita nemo distinctio dicta ea esse quia cupiditate harum similique dignissimos at voluptatibus pariatur explicabo niña numquam eum molestias nostrum veritatis consequuntur illum reiciendis quo nesciunt iste quisquam ipsam veniam id tempora error nihil quasi unde|,|7d076066-9c68-4c1f-a4b6-f61c4f417a3f|
|5f9f2809-0a4c-4d5d-96d1-fab28580fd45|,|consequatur nam harum placeat architecto|,|nisi rerum facilis porro repellendus explicabo excepturi accusantium ipsa quia veniam neque quasi totam ad in eos nemo placeat mollitia cum cumque 日本 provident aliquid molestiae est voluptatibus libero aliquam vitae illo eius sint alias commodi aperiam temporibus tempore quam repellat dicta doloribus nostrum nesciunt voluptate deserunt vel id corrupti|,|210fdfb2-80b2-4ae9-86dd-02d807c148a4|
|54cbdd3f-1c6d-44f7-beae-e4639ec2ec8d|,|eum officia ab cum nostrum|,|ipsam soluta quibusdam molestiae incidunt repellendus recusandae atque aliquam ipsum possimus sed saepe veniam tenetur laboriosam dolorem et nihil reiciendis magnam omnis consequatur amet eos pariatur error quis deleniti quisquam explicabo sapiente ullam dolores été quidem libero accusantium aspernatur velit illo dolorum asperiores harum quae repellat inventore beatae optio laudantium|,|1731cef6-d936-45fa-b6b0-9b9530df7ba2|
|6e684065-6f08-43eb-9f9d-9177e6596f22|,|consectetur iusto quasi incidunt repudiandae|,|laboriosam laborum et iusto nam nesciunt illum architecto aliquam soluta a non beatae niña quasi repudiandae dolore mollitia quia illo sunt atque quas perspiciatis dicta ducimus distinctio qui dolorem dolorum nemo harum saepe placeat reiciendis ipsum eius delectus id eaque vel animi doloribus esse voluptatum fugiat quod consequatur voluptatem est|,|cbfd812d-7b13-4b1c-8193-82a521ce6fb6|
|c0f49041-db29-4483-a174-213625c123c7|,|veniam dicta veritatis molestiae vel|,|explicabo dolorem libero soluta architecto vitae veritatis distinctio doloribus reiciendis pariatur porro repellendus officiis neque consectetur dolorum aut debitis dolor possimus et perferendis laboriosam cum cumque 日本 corporis praesentium ducimus reprehenderit ab animi dolore culpa itaque qui laudantium recusandae non hic facere obcaecati quod iste voluptatum aliquid sint modi id|,|5855fb2e-3edd-40e4-a259-d49b74961ff6|
|fb4fb04b-f3e4-42fb-8236-394d77c8fa4b|,|at ducimus eum distinctio veniam|,|iure soluta amet repellendus obcaecati ipsum magni sint doloribus molestias architecto assumenda dolore laboriosam consequatur odit perferendis illo veritatis maiores ipsa laudantium repudiandae voluptas exercitationem quis facere quos voluptatem vel iusto omnis necessitatibus modi dolorum perspiciatis maxime minima quae tenetur rerum animi ad voluptatum neque quisquam est unde error beatae|,|b68191f5-0bb9-438d-9788-653beb3cf08d|
|024c6b58-eb93-4b89-b3cc-78a49c6285d1|,|nihil corporis obcaecati placeat nesciunt|,|qui saepe temporibus sit eaque expedita dolor fuga aperiam officia niña at voluptatum recusandae commodi tenetur et consequatur possimus delectus inventore ipsam iste ad explicabo pariatur sunt quam autem aspernatur voluptates non sint consectetur necessitatibus voluptate fugit repellendus officiis neque praesentium libero ab repellat rem eveniet iusto adipisci minima hic|,|5855fb2e-3edd-40e4-a259-d49b74961ff6|
|b0c1e8b3-a6e0-462f-8349-c1c66f3703c9|,|esse iusto nesciunt soluta quisquam|,|nulla ipsa fugit voluptatibus ut amet tempora saepe maiores numquam alias similique itaque ratione quo optio aut magnam non nesciunt eum eligendi vitae doloribus soluta et dolore quibusdam deleniti error quod obcaecati enim odit minima reiciendis delectus architecto praesentium animi laboriosam dolor veritatis id ipsam sequi voluptate hic sunt eius|,|5855fb2e-3edd-40e4-a259-d49b74961ff6|
|82a885bc-1a39-45ab-935e-78e3ea9e1b01|,|voluptatem exercitationem culpa 日本 porro|,|hic ea accusamus corporis dolores veniam minima cupiditate recusandae fugiat ex itaque tempora ipsam iusto laborum dolore in facere amet incidunt et suscipit nihil porro reiciendis eveniet magni quisquam eum a odit quo labore ad quibusdam modi illum repudiandae nisi officia aspernatur aliquid at voluptatem perferendis quidem aliquam provident molestiae|,|e390c8ec-8dc5-4277-bf9e-ff308b3b1347|
|2b424d27-6ab3-4db9-8df6-65d819d4510b|,|aut eius assumenda ab similique|,|quae ad ullam natus voluptatem ipsum été eaque voluptate voluptatibus sapiente nesciunt inventore reiciendis temporibus vitae eum error adipisci molestiae amet reprehenderit assumenda praesentium autem modi porro aspernatur sit excepturi dolor sint facere quo quaerat necessitatibus voluptatum totam exercitationem nostrum repudiandae quas omnis fugiat expedita maiores nisi placeat est et|,|cbfd812d-7b13-4b1c-8193-82a521ce6fb6|
|c337770f-a7bc-4923-977b-4a68a0608e2a|,|sapiente sequi nostrum possimus delectus|,|veniam ad quae provident culpa neque animi iste magni ipsum illum optio sapiente impedit explicabo delectus fugit nostrum saepe officia vitae consectetur asperiores quod quasi temporibus laudantium minima mollitia ullam atque laboriosam ipsa dolorem esse necessitatibus beatae harum quas deleniti placeat dolores nobis perspiciatis sed voluptate alias nisi in omnis|,|b68191f5-0bb9-438d-9788-653beb3cf08d|
|a445fb2c-debe-4848-b507-db5eaf40d8d7|,|deserunt ex saepe aliquid unde|,|et atque provident repudiandae quasi dolores magni modi praesentium cupiditate laborum neque voluptatem totam error numquam sit recusandae impedit eius alias adipisci excepturi eos corrupti reprehenderit eveniet doloribus exercitationem nesciunt asperiores nisi sint magnam possimus cum officiis quam rem suscipit perferendis fuga vero optio quas consequuntur ut amet quae architecto|,|cbfd812d-7b13-4b1c-8193-82a521ce6fb6|
|f7ad23b4-a462-4873-947a-0ed28a8cc3a6|,|voluptas a modi eveniet placeat|,|eligendi facere expedita iste dolores unde delectus quasi voluptate sed blanditiis beatae quibusdam sequi 日本 eos nobis eveniet consectetur veritatis tempore voluptatem odit perspiciatis impedit eaque nulla repellat rerum iure explicabo ipsum ullam commodi omnis in itaque porro vitae quas reiciendis laboriosam laborum minus ducimus possimus doloribus quidem quos ipsam|,|1731cef6-d936-45fa-b6b0-9b9530df7ba2|
|bdcce1b7-b792-4b4f-b2a3-d671f0b60eb7|,|laborum minima rem quidem soluta|,|voluptatibus facilis laborum natus facere est sapiente atque deserunt possimus aut veniam asperiores dicta veritatis adipisci été sit non nemo dolores magnam pariatur vero quos temporibus qui molestiae mollitia commodi soluta expedita dolor porro odit 日本 quia unde tempore sunt labore assumenda eos placeat recusandae rem nobis blanditiis repellat earum|,|cbfd812d-7b13-4b1c-8193-82a521ce6fb6|
|1dca0f2d-ec28-4b7f-a6ea-cd7567e64dc7|,|officia eveniet molestias temporibus quasi|,|nobis earum quas accusamus rerum nesciunt vero consectetur officiis eveniet quam esse laboriosam unde nihil magnam facilis fuga exercitationem saepe eligendi corrupti voluptas minima minus deserunt illum eos tempore iusto excepturi asperiores ducimus quos niña odit fugit modi cupiditate tenetur pariatur animi numquam est recusandae cum similique commodi incidunt repellat|,|210fdfb2-80b2-4ae9-86dd-02d807c148a4|
|e6e1fba9-9f09-41bc-adb7-d03007802cbb|,|quaerat nesciunt animi veritatis eaque|,|totam iure eum tenetur asperiores voluptate nulla assumenda été quisquam molestiae alias repellat aperiam dignissimos fugiat obcaecati sed culpa nobis beatae dolores suscipit omnis minus maiores sint ullam tempore quas esse est error perferendis saepe unde minima ea porro quam vero accusantium sapiente facere nihil laboriosam aliquid quibusdam magnam optio|,|e390c8ec-8dc5-4277-bf9e-ff308b3b1347|
|902bbc69-36c7-4002-aacd-b7afb8607214|,|deserunt cupiditate sit suscipit optio|,|consectetur corporis voluptatibus voluptate quidem vero voluptates in distinctio reprehenderit qui hic rem laborum provident odit dolorum harum impedit nobis iusto esse fugiat fuga magnam nam doloremque ullam atque aliquam quasi asperiores iure aspernatur perspiciatis quia suscipit nisi autem totam laboriosam velit rerum facere eligendi ut cumque voluptatem amet odio|,|e390c8ec-8dc5-4277-bf9e-ff308b3b1347|
|f9e39725-4599-4a61-b8eb-ec86ead74451|,|inventore natus totam ratione tempora|,|nihil labore explicabo tenetur voluptatum odio perspiciatis molestias impedit aperiam odit dolor dicta doloribus cupiditate alias est doloremque quia et iure qui saepe id aliquam eos natus laudantium quis omnis distinctio neque quod minima soluta ducimus quaerat a aliquid enim recusandae quo suscipit facilis ipsam tempora harum quibusdam hic dolore|,|210fdfb2-80b2-4ae9-86dd-02d807c148a4|
|a871fdc4-69db-4e07-84c0-e217423af74c|,|deleniti doloremque illum magnam minima|,|harum été quos distinctio qui aut sunt optio doloribus vel repellendus eos delectus magnam unde commodi porro quisquam vitae niña doloremque culpa adipisci iste ipsa alias praesentium excepturi sit maiores ut in id facilis illum magni perferendis facere sed consequatur voluptatibus tenetur possimus officia voluptas deserunt incidunt voluptatem iure atque|,|c7aecdba-58ac-4464-bee1-278083207d81|
|163dd421-f13e-4941-a835-234a24c98b25|,|ad quisquam ipsum ut numquam|,|eligendi laboriosam veniam voluptatibus cum ut dolor vitae modi minima numquam perferendis iure quasi obcaecati incidunt repellat dignissimos odit accusamus totam vel quaerat veritatis ad officiis delectus et fugit eveniet error eius soluta illo laborum unde explicabo autem doloribus in consequatur rem voluptate magni quas necessitatibus debitis assumenda iste placeat|,|c7aecdba-58ac-4464-bee1-278083207d81|
|0d644a29-cd65-4dba-98ba-4f98188669ca|,|animi debitis molestias a sapiente|,|recusandae et voluptatum cum assumenda nihil dolorum voluptates aliquam deleniti praesentium qui reprehenderit est at veniam facilis niña id perspiciatis hic sint esse mollitia repellendus consequuntur in labore commodi officia été unde accusantium laborum asperiores vero soluta accusamus quae natus deserunt culpa possimus quam ullam porro nemo provident inventore ad|,|c7aecdba-58ac-4464-bee1-278083207d81|
|7b7b8590-9129-46a6-910f-1c178c1cfab0|,|in magni ullam totam eos|,|facere rem odio ducimus nihil voluptates a iste impedit adipisci deleniti vel alias necessitatibus eligendi dolore été est ut excepturi voluptatem illo rerum non ipsa porro vitae mollitia sed iusto temporibus placeat eius sequi ab magni veritatis vero cum tempora doloremque quod voluptatum aspernatur similique molestiae soluta reiciendis cupiditate quas|,|9c83fa13-b9e8-4ae4-b276-9e147595d1b7|
|2b9aafb7-06c4-45cf-a88f-4e192905b26f|,|ab expedita blanditiis accusamus soluta|,|cumque eum saepe reprehenderit et distinctio exercitationem expedita eligendi consequatur eius facere dolore nihil atque ab deleniti maiores harum officiis quis eaque voluptatem dolorum cum tempore dolorem aliquam excepturi iusto quia inventore quibusdam natus perspiciatis soluta blanditiis totam obcaecati sint cupiditate voluptatum tempora iure asperiores ipsam molestiae deserunt porro assumenda|,|c7aecdba-58ac-4464-bee1-278083207d81|
|2bfaa45d-7e7a-488b-a179-df773fed2840|,|fugiat obcaecati consequuntur sit deserunt|,|et dolor modi possimus eum iure suscipit reiciendis eligendi veritatis inventore incidunt beatae sapiente sit animi amet vel quae non cum asperiores adipisci ullam niña exercitationem voluptates nobis libero laborum officia cumque error fugit repellendus itaque accusamus eius dolores delectus consequatur rem necessitatibus ipsum vero 日本 perspiciatis expedita culpa repudiandae|,|5855fb2e-3edd-40e4-a259-d49b74961ff6|
|b3800cc6-30ce-4ae5-af83-f320bd5214dd|,|possimus amet ducimus consectetur commodi|,|aliquam vero laborum molestiae ullam nesciunt explicabo rerum tenetur quo asperiores quis deleniti unde officia dolorum odio omnis soluta impedit doloribus suscipit praesentium perspiciatis quia animi fugit repellendus blanditiis aspernatur est accusantium itaque ea officiis veritatis eos deserunt facilis quas magnam velit ratione inventore eum ipsum maxime rem ipsa quae|,|1731cef6-d936-45fa-b6b0-9b9530df7ba2|
|788b7b9f-d917-4181-8296-0e01aad6204f|,|exercitationem amet voluptas dicta aspernatur|,|et consequatur accusamus maxime ex quam id veniam harum amet non perferendis dolor possimus perspiciatis niña commodi neque suscipit fugiat incidunt nulla ipsam eius placeat a eaque atque officiis assumenda omnis sit consequuntur tenetur animi blanditiis odio cum dignissimos nesciunt itaque in exercitationem aut autem nobis voluptas est velit rerum|,|cbfd812d-7b13-4b1c-8193-82a521ce6fb6|
|af009cf3-d3b7-4d8e-aec1-7886beaabc88|,|eum voluptas veritatis suscipit eaque|,|iure itaque dolores atque necessitatibus quas eius cupiditate provident consequatur magni laudantium minus qui rerum eum ipsam obcaecati numquam nesciunt corrupti facilis recusandae ratione non voluptatem enim voluptate fugiat architecto praesentium deleniti reiciendis quam expedita ad ex inventore eaque perferendis distinctio natus quidem alias consectetur perspiciatis consequuntur laboriosam sunt adipisci|,|b68191f5-0bb9-438d-9788-653beb3cf08d|
|6eae4d60-5ff7-4f74-9b8e-35a0a18508e7|,|rem eius ducimus aut consectetur|,|voluptate hic perferendis sunt expedita aliquid ullam qui neque earum quos mollitia pariatur aperiam perspiciatis quaerat vel autem quis eius niña quasi veritatis reiciendis soluta cum explicabo excepturi labore quae esse quo porro odio totam fugiat deleniti adipisci 日本 animi est voluptates dicta iste été in aspernatur ipsum quisquam nemo|,|b68191f5-0bb9-438d-9788-653beb3cf08d|
|8d40ca00-f310-460d-aed2-ba9529fa4df8|,|facere vero ipsum quos perspiciatis|,|temporibus perferendis consequuntur exercitationem perspiciatis deserunt laborum nostrum quis 日本 vel dolorem harum ea debitis vero amet ad illum nobis necessitatibus minima assumenda beatae id omnis similique autem enim voluptates voluptas ut porro suscipit saepe labore sunt facilis ratione aspernatur excepturi sequi sit earum quidem tempore velit facere nam corporis|,|5855fb2e-3edd-40e4-a259-d49b74961ff6|
|1b445e0c-9f6b-4fac-bfd0-13d32d42f688|,|fugiat recusandae consequatur atque reprehenderit|,|a corporis veniam debitis porro vero aspernatur numquam sapiente facilis reiciendis perferendis commodi pariatur dicta odit laborum libero quod quidem consectetur nulla voluptatibus quas impedit laboriosam harum rem 日本 itaque perspiciatis hic quis eveniet ullam placeat error saepe dolorum cumque ab dolor sint ipsum vitae minima maxime quam repellendus accusantium|,|91db9a6d-dce0-4c26-969d-d41c32f76122|
|beffccae-1ce0-44a9-93ea-f179ce5a8b50|,|recusandae eaque repellat qui expedita|,|provident culpa ea quibusdam nobis odio amet animi libero tempora accusamus quae error recusandae unde molestias debitis reprehenderit molestiae labore perspiciatis explicabo illum id doloribus itaque ipsum quod quasi possimus nesciunt inventore maxime magni laboriosam saepe placeat reiciendis quos deleniti ipsa sit sed 日本 quisquam officia ipsam ex eius quo|,|1731cef6-d936-45fa-b6b0-9b9530df7ba2|
|eb554990-a621-4a1a-a160-4ba354279dc3|,|nisi 日本 labore possimus suscipit|,|quo niña minima odit eos velit eligendi cum sapiente est repellat reiciendis accusantium commodi doloribus amet repellendus voluptate architecto eaque corrupti labore omnis incidunt dolore ipsum exercitationem illo sequi explicabo natus delectus molestiae sed voluptas eum deserunt voluptatum quod dignissimos doloremque illum saepe praesentium sint obcaecati alias laboriosam impedit atque|,|e390c8ec-8dc5-4277-bf9e-ff308b3b1347|
|ca016ae2-c021-49dd-8d84-56c32fa514cf|,|id corporis ea eligendi blanditiis|,|laudantium accusantium inventore été quasi reprehenderit neque culpa error amet eos eligendi itaque obcaecati blanditiis debitis nobis niña recusandae in quaerat consequuntur non ipsa et eaque totam voluptas ab odio voluptate porro cum minima ipsum aut optio provident mollitia repellendus nemo ducimus hic tenetur necessitatibus saepe similique eum iusto commodi|,|cbfd812d-7b13-4b1c-8193-82a521ce6fb6|
|5b64e463-16a5-4368-8654-0768d0b3821e|,|provident nisi dignissimos similique distinctio|,|eligendi quibusdam quia hic voluptates asperiores impedit est aliquam similique neque autem niña ullam praesentium optio illo ipsa sapiente nulla natus minima et dignissimos quo labore amet voluptatum eius ut quam dolorum nisi été ipsum tempore sint error perspiciatis ea non porro veritatis quos ducimus necessitatibus animi iste nobis magni|,|e390c8ec-8dc5-4277-bf9e-ff308b3b1347|
|98f29ae4-e9a3-4f7b-a972-8eeeea6a112a|,|veritatis hic quae perferendis numquam|,|nihil eum quas nemo minus pariatur dolor maxime quidem vero inventore quod quia repellat aut id corrupti tempore molestiae reprehenderit rem beatae quae nisi distinctio repudiandae eius neque enim culpa iste libero officia alias laboriosam quisquam qui deleniti illum maiores impedit reiciendis placeat sit similique aliquam ad aliquid cum optio|,|b68191f5-0bb9-438d-9788-653beb3cf08d|
|4238dae3-e16e-4458-b074-a9194b4b7819|,|maxime quaerat été perspiciatis nesciunt|,|voluptatibus odit sapiente fuga officiis earum omnis architecto rem perspiciatis tenetur quibusdam enim labore assumenda id incidunt necessitatibus quod quisquam quae magnam ipsa commodi mollitia suscipit consequuntur sunt error est cumque voluptates fugit itaque aperiam numquam été consectetur magni esse eum repudiandae dolor quidem excepturi impedit ducimus delectus doloremque ut|,|e390c8ec-8dc5-4277-bf9e-ff308b3b1347|
|94210f2a-4c87-4ebd-8349-dd963d9013fd|,|minus qui quod ratione eveniet|,|dolor soluta explicabo odit ad minima sed ipsum tenetur blanditiis quam asperiores illum quasi quidem eum qui molestias possimus pariatur quos quo totam mollitia sequi magni quia autem beatae itaque modi quae corporis illo neque voluptatibus voluptatem ab suscipit id quod aliquam nulla fugiat niña saepe 日本 commodi facilis nam|,|e390c8ec-8dc5-4277-bf9e-ff308b3b1347|
|6acb50ee-2475-45cc-8355-0e36abb37152|,|doloremque omnis aperiam voluptatibus ipsum|,|maxime ipsum dicta necessitatibus nihil enim exercitationem est unde explicabo quo delectus rem obcaecati eaque vel earum modi labore deserunt esse inventore aspernatur accusamus suscipit quas fugit distinctio vero mollitia a quibusdam illum sapiente doloribus quae placeat expedita reprehenderit deleniti eius ipsam eligendi accusantium nobis sed impedit atque possimus ut|,|91db9a6d-dce0-4c26-969d-d41c32f76122|
|bef7cb28-b4ce-4ee9-80a1-f220ec82314a|,|soluta consectetur tenetur accusantium quisquam|,|est sed veritatis earum sint iste quisquam laborum nihil fugiat atque velit aliquam dicta quos iure fuga dolor quasi amet culpa cupiditate explicabo deserunt facere été quis eos optio rem deleniti ipsam perspiciatis animi labore minus impedit sit quod unde dolorum necessitatibus eligendi odit magnam debitis eius libero consectetur praesentium|,|5855fb2e-3edd-40e4-a259-d49b74961ff6|
|58d32761-706b-4c28-b3af-b24682257e12|,|dolorum blanditiis delectus voluptate voluptatibus|,|mollitia eaque voluptates facilis ratione inventore corrupti nesciunt distinctio voluptatem tenetur doloribus veniam doloremque ad accusantium et consequuntur unde molestiae incidunt molestias perspiciatis vitae exercitationem nihil ex dignissimos veritatis quidem ea ullam sequi optio at expedita nobis a eveniet quisquam pariatur hic assumenda aspernatur repellat magni labore suscipit aliquid itaque|,|cbfd812d-7b13-4b1c-8193-82a521ce6fb6|
|74182d43-3cf6-4150-9ec8-a3dfde046e78|,|reprehenderit aut ab aliquid corrupti|,|accusamus nemo soluta nesciunt porro ea at error qui delectus similique blanditiis dolorum nostrum nobis exercitationem fuga eum praesentium et iste veniam molestias nisi consequatur sapiente eos dolore eligendi corrupti ratione rerum maxime minus magnam commodi totam amet iure suscipit quis eveniet dolor hic ipsum illo aut laboriosam tempore debitis|,|91db9a6d-dce0-4c26-969d-d41c32f76122|
|6012ac18-8f2f-4e13-8313-eb76058e4675|,|doloremque fuga sit magnam provident|,|nam quasi voluptas debitis aperiam dignissimos enim nesciunt voluptatum accusantium ab non dolor maxime vel placeat maiores consequatur impedit sunt vitae deleniti quae tempore minima velit eaque unde nemo harum vero perferendis dolores quis architecto rem iure praesentium voluptate voluptatem aliquid eum excepturi veniam earum laudantium ea omnis cumque quos|,|210fdfb2-80b2-4ae9-86dd-02d807c148a4|
|2ede4e01-b61c-4703-a5b4-a4dbb3fad657|,|veritatis neque numquam velit aspernatur|,|nobis autem tempora repellendus quae perspiciatis veritatis possimus dolorem hic explicabo exercitationem inventore ad officiis quod dicta nihil cumque iste asperiores eos 日本 corporis molestias at vel nesciunt necessitatibus a expedita eius delectus voluptates ipsum id blanditiis voluptate fugiat accusamus aut placeat incidunt odit dolorum corrupti consequuntur ut fugit tempore|,|9c83fa13-b9e8-4ae4-b276-9e147595d1b7|
|1fc13abf-bb12-4e4c-99d0-60fdb2623a2a|,|harum nisi cupiditate laborum quasi|,|natus dolore velit repellat similique aliquid doloremque tempore asperiores exercitationem impedit illum tempora voluptatibus totam sequi aliquam sint animi sed soluta quasi necessitatibus expedita officia optio quibusdam accusamus praesentium cupiditate inventore excepturi in nesciunt fugiat porro corporis fugit ab harum facere amet obcaecati cumque facilis eos repudiandae magni vel itaque|,|7d076066-9c68-4c1f-a4b6-f61c4f417a3f|
|9cbc2ced-7ebe-461d-8b94-cbebfb202fb9|,|laboriosam quidem cumque nostrum laborum|,|nam numquam velit dignissimos inventore itaque dolore magni dolorum quos impedit molestias aliquam voluptatum odit aperiam beatae laboriosam fugit neque saepe nobis libero dicta quas enim earum tempora nihil unde iure eligendi alias suscipit vitae recusandae assumenda voluptates minima reiciendis consectetur eveniet harum voluptas ullam atque facere maxime accusamus laborum|,|b68191f5-0bb9-438d-9788-653beb3cf08d|
|ed8b9b0a-6048-42f4-8379-9bf2829bbcd9|,|inventore tenetur harum nulla natus|,|obcaecati in numquam inventore velit ad accusantium corporis veniam distinctio quasi porro commodi deserunt a perspiciatis cupiditate tempora aspernatur ex laborum cum necessitatibus fuga unde incidunt voluptas magni sunt officiis temporibus perferendis error sint explicabo labore rem pariatur maxime tempore reprehenderit niña iste modi eos ratione impedit sequi dolore animi|,|9c83fa13-b9e8-4ae4-b276-9e147595d1b7|
|91cabd23-9ace-40e1-85fe-2c2066f5f020|,|id voluptatibus officiis illo laudantium|,|natus labore expedita rem sit animi veritatis hic odit fuga repellat été aperiam praesentium enim aspernatur itaque voluptatum eaque dolorum ratione iste accusamus quas minima obcaecati mollitia nemo maxime voluptatem voluptate sapiente eligendi quia qui asperiores molestiae ea ad cupiditate sequi cumque voluptates cum facere modi quam eveniet perspiciatis laborum|,|5855fb2e-3edd-40e4-a259-d49b74961ff6|
|71ae5819-b774-40ce-8024-e8b31720c355|,|saepe esse repellendus sint excepturi|,|vel voluptatem placeat fugit amet qui facere obcaecati minima praesentium ipsa quasi cupiditate adipisci soluta iste cumque dolorum nemo magnam ipsam sequi natus unde minus suscipit ducimus voluptate odit nisi autem tempore quas eaque earum fugiat ut voluptatum iure molestias vitae aliquam numquam nesciunt eos officiis perferendis reiciendis eligendi recusandae|,|1731cef6-d936-45fa-b6b0-9b9530df7ba2|
|aac323cc-ed50-4a76-ac44-dae7f0c4a0ed|,|minima tenetur ipsum laudantium impedit|,|cumque ducimus cupiditate architecto dolores quos molestiae nobis veniam maxime animi fuga nisi sequi nam quisquam odio laborum quidem labore aspernatur sit nihil reprehenderit tenetur facilis laboriosam dolorem tempore necessitatibus ullam consequatur niña corrupti accusamus 日本 vel sapiente doloremque voluptatem aliquid culpa velit eos ex dicta nulla omnis pariatur impedit|,|91db9a6d-dce0-4c26-969d-d41c32f76122|
|af2763e7-ed58-4577-8bf4-c2bac4b49aed|,|corrupti sed rem culpa dicta|,|error provident rem pariatur blanditiis iure placeat enim voluptate corporis perspiciatis consequuntur labore hic dignissimos exercitationem nobis ab iusto facilis deserunt architecto laborum alias sit magni animi minus laudantium quam repellat obcaecati eius quidem at tempora tempore cupiditate dolore vero nostrum vel beatae nulla suscipit sed soluta temporibus odit recusandae|,|7d076066-9c68-4c1f-a4b6-f61c4f417a3f|
|ca24a99b-916c-40bd-a398-c82924f14e21|,|soluta minus blanditiis quo accusantium|,|inventore placeat odit maiores minima sit ullam nihil in itaque repellendus saepe totam veniam été debitis ad dignissimos ratione quibusdam labore quaerat eos id eius reiciendis praesentium fugiat aut reprehenderit dicta eum iure non error neque voluptas magni esse a nulla veritatis doloremque officia quidem illum unde eveniet quis quos|,|b68191f5-0bb9-438d-9788-653beb3cf08d|
|9df575bd-f7ce-490d-9db4-f5e058bc0e30|,|odio sunt provident consequatur qui|,|enim consequatur tempore ipsam ipsum libero veritatis laboriosam nam impedit dicta totam id dolor eum accusantium necessitatibus quas optio quae beatae a suscipit animi officiis qui iusto sunt magni labore dignissimos incidunt sint adipisci quibusdam velit et quis perferendis quod sapiente amet niña veniam deleniti ut quasi assumenda provident culpa|,|cbfd812d-7b13-4b1c-8193-82a521ce6fb6|
|7140d82d-744a-4bac-bb96-6f99e25f5387|,|vitae dolore aut perspiciatis ipsam|,|fugiat ipsa labore provident numquam unde molestiae minima facilis distinctio commodi non qui vel facere quis est doloribus ducimus possimus culpa mollitia sit ut vero ea dolores eveniet voluptatum iste quasi deserunt ab quibusdam amet nesciunt ratione molestias totam officiis itaque accusamus optio enim similique vitae maxime eius dolore quae|,|5855fb2e-3edd-40e4-a259-d49b74961ff6|
|bb54c2e2-d163-4207-a47e-a3760a2032f3|,|sed dignissimos expedita officiis corporis|,|quasi laboriosam esse atque officia odit dolores ex repudiandae exercitationem fuga recusandae consequatur consectetur fugit aliquam dolorem quibusdam quae consequuntur possimus facere nemo voluptatibus molestias ipsam voluptatem explicabo temporibus a vitae eum laborum mollitia at aliquid quo facilis necessitatibus magni officiis iusto itaque omnis minus totam amet sint quis niña|,|5855fb2e-3edd-40e4-a259-d49b74961ff6|
|a02ff6e9-5578-4c20-aa06-025917031ee9|,|adipisci sunt mollitia vero maxime|,|pariatur error nisi ullam beatae niña deserunt atque cumque aperiam doloremque amet illo dolore assumenda quam delectus ipsum praesentium blanditiis exercitationem commodi molestias veritatis incidunt corporis maiores tempore minus aliquid ex voluptatum cum voluptas fugiat ipsa saepe perspiciatis unde numquam ea minima temporibus accusamus nihil itaque soluta eaque expedita quos|,|b68191f5-0bb9-438d-9788-653beb3cf08d|
|e244d265-25e5-4b36-a859-86c2db8d5a1d|,|voluptates laudantium quasi quam consequatur|,|non nostrum minima quas tenetur eum excepturi aliquam rem nesciunt blanditiis facere corrupti deserunt delectus alias nisi reprehenderit quo illum hic quibusdam animi cumque maxime quos distinctio cum quia rerum ad est obcaecati inventore earum architecto similique at suscipit voluptatum cupiditate explicabo sapiente labore commodi dolor odit et veritatis autem|,|b68191f5-0bb9-438d-9788-653beb3cf08d|
|ae2f6a24-d43a-41d1-b427-72c2a511ecad|,|earum aliquam incidunt nobis delectus|,|ipsam mollitia non tempora quod architecto ratione maxime provident distinctio sunt deleniti porro necessitatibus unde nostrum facilis perspiciatis laudantium iusto debitis quidem quo ea iste illum commodi doloribus quibusdam eaque ad natus omnis dicta delectus dolorum nulla laboriosam pariatur niña amet assumenda repudiandae vel officiis ab in enim velit quam|,|5855fb2e-3edd-40e4-a259-d49b74961ff6|
|cc35871c-bdf8-421c-a987-ff661bac2c44|,|tempora laborum eum blanditiis inventore|,|fugiat quis ducimus labore veniam deserunt excepturi dolores a ullam temporibus blanditiis enim nihil vel quod architecto quia repudiandae dignissimos iste iusto tenetur repellat nostrum tempora saepe quasi pariatur odio facilis modi explicabo provident voluptate nesciunt possimus deleniti consectetur accusamus ab est et qui recusandae inventore asperiores earum hic in|,|9c83fa13-b9e8-4ae4-b276-9e147595d1b7|
|458271de-a908-4bbb-bb15-69b79763d7bb|,|ab mollitia facilis itaque fugiat|,|inventore dolore id reiciendis modi adipisci ipsum nemo dolor pariatur officiis mollitia ratione accusantium sed quisquam voluptate error necessitatibus maxime temporibus illo quasi odio omnis molestiae veniam provident quidem 日本 commodi magni explicabo ipsa nisi officia sint rem architecto itaque voluptatum sunt sit unde eaque non vel molestias aspernatur quae|,|7d076066-9c68-4c1f-a4b6-f61c4f417a3f|
|cc3dfedb-a3c4-4dcd-9d20-93a8b3892699|,|dolorem adipisci fuga nemo incidunt|,|sint at magnam temporibus provident officia tempore animi enim dicta ullam optio deleniti quisquam exercitationem veniam molestias quasi quo repellat voluptatibus laudantium laboriosam cum iusto accusantium sed cumque ipsum est voluptatem laborum consequatur qui mollitia placeat modi doloribus reprehenderit voluptates aperiam magni reiciendis quibusdam itaque sapiente ipsa ratione perspiciatis eius|,|91db9a6d-dce0-4c26-969d-d41c32f76122|
|aaef9cb5-65b7-4799-97b8-49b71c134f58|,|saepe perspiciatis nesciunt adipisci 日本|,|laborum eaque quasi vel dolores necessitatibus maiores illum rerum tempore minus veniam voluptas aut quis quibusdam nam repellendus similique laudantium quod été quia sapiente voluptatibus reprehenderit quos eligendi ex beatae laboriosam corrupti pariatur assumenda sit soluta itaque suscipit doloremque commodi est facilis repudiandae perferendis harum perspiciatis a fugit dolor quaerat|,|1731cef6-d936-45fa-b6b0-9b9530df7ba2|
|5221b5aa-8995-4441-9524-d356a0cb1b84|,|velit omnis voluptate ex praesentium|,|iusto perferendis natus nesciunt cupiditate voluptate a recusandae sapiente dolores dolor beatae facilis explicabo reiciendis quisquam iure asperiores facere nobis neque nulla impedit illo quis quidem unde error provident 日本 minus itaque optio consectetur eligendi tenetur delectus velit fuga inventore maiores totam at odio quaerat voluptas culpa enim voluptates ratione|,|b68191f5-0bb9-438d-9788-653beb3cf08d|
|0d6556f3-315f-4a63-b835-b7d9402ac81e|,|natus quis ad nemo voluptate|,|cumque voluptates in aspernatur expedita provident dolor minus itaque exercitationem officia unde quos maiores nesciunt cupiditate obcaecati nisi officiis qui quia assumenda quam error quisquam cum vero est quas impedit blanditiis eveniet laboriosam tempore perferendis laudantium reprehenderit esse fuga dolore harum sunt nulla deleniti ut quidem soluta quibusdam possimus quae|,|e390c8ec-8dc5-4277-bf9e-ff308b3b1347|
|a973b2d1-455a-4f62-95a2-3baed154a7bc|,|vitae consequuntur et sunt ex|,|soluta quisquam recusandae 日本 alias excepturi niña officiis possimus ratione beatae dolor iste autem assumenda perferendis optio cumque consequuntur numquam laudantium aut ad tempore et id explicabo vitae pariatur laborum suscipit voluptatem saepe accusamus in amet aspernatur quas quos adipisci exercitationem at deserunt aliquid ut itaque voluptatum reiciendis doloribus natus|,|b68191f5-0bb9-438d-9788-653beb3cf08d|
|c4ace5bc-30b6-43eb-884e-0c42b08a4d6c|,|iure cum ratione aliquam rem|,|laudantium atque at deleniti temporibus architecto sunt debitis mollitia repudiandae été aliquid ullam minus quaerat similique itaque dolorum iure ratione dolores natus ipsa nemo voluptatibus est in pariatur iusto veniam rem excepturi ipsam libero quisquam modi reiciendis voluptatum repellendus dignissimos voluptas cum incidunt deserunt laborum tempora dolore totam aperiam accusamus|,|e390c8ec-8dc5-4277-bf9e-ff308b3b1347|
|4699919c-fb6a-4a7e-b3fd-d1f74178fbda|,|rem assumenda sint facere saepe|,|cum a debitis eos velit maiores ipsum consequatur repudiandae dicta rem odit obcaecati quod porro voluptas nesciunt esse voluptatibus libero ut explicabo repellendus distinctio magni quaerat possimus accusamus quibusdam quos saepe été eius quae dolores molestias adipisci doloremque sed ex doloribus iure laudantium illo perferendis et niña ad eligendi iusto|,|7d076066-9c68-4c1f-a4b6-f61c4f417a3f|
|8cf6c5e9-7b09-4d08-89b9-c3ca01486ebf|,|neque nesciunt hic cupiditate qui|,|commodi quas nisi dignissimos culpa unde eius nam cum fugiat id autem praesentium vel officia labore in doloribus natus accusamus reiciendis odit sequi consequuntur aspernatur consequatur sunt impedit modi cumque aperiam expedita magnam quae nemo excepturi niña voluptatum perspiciatis hic totam obcaecati possimus soluta nobis laboriosam corrupti recusandae quisquam laborum|,|210fdfb2-80b2-4ae9-86dd-02d807c148a4|
|5e8738d8-bec1-43a2-9d79-712c03cb34a9|,|quibusdam magnam debitis provident harum|,|sunt dolor reiciendis labore asperiores tenetur ut eum été niña quis in unde eaque quaerat vitae assumenda veritatis nam natus at similique consequatur explicabo 日本 rerum cupiditate repellendus quibusdam delectus dignissimos omnis repudiandae optio laborum corporis a ducimus error libero porro architecto officiis ad pariatur culpa molestiae excepturi cum ratione|,|1731cef6-d936-45fa-b6b0-9b9530df7ba2|
|176e89ab-8782-4ea5-a442-30776880f86b|,|perspiciatis molestiae hic voluptatibus rerum|,|nam consectetur sunt dicta eaque ea libero porro similique minima eveniet fuga blanditiis vitae voluptatibus dolorem perspiciatis ipsum veritatis omnis eos quisquam distinctio neque qui maxime eius excepturi pariatur earum ipsa illo velit quo maiores iusto totam voluptate culpa aliquam veniam sit fugit ipsam dolor aperiam molestiae nulla quos provident|,|1731cef6-d936-45fa-b6b0-9b9530df7ba2|
|61215b98-e575-48eb-95d3-1dc0f7fc1cb0|,|debitis ipsa doloribus dolor cupiditate|,|facilis similique expedita ad recusandae niña dicta laboriosam corporis iusto assumenda impedit amet nesciunt officia ut officiis aliquid iure odit neque dolorum praesentium explicabo delectus earum laudantium quos fugit ea repellendus veniam porro dignissimos esse asperiores unde molestiae temporibus alias nam obcaecati rem quia inventore atque voluptate nisi autem reprehenderit|,|e390c8ec-8dc5-4277-bf9e-ff308b3b1347|
|505402ad-957d-4d5c-bb64-2a3cb2a838c0|,|nemo praesentium blanditiis perspiciatis expedita|,|optio praesentium distinctio quasi iure necessitatibus sunt deleniti doloribus corporis tenetur natus maxime doloremque ad minus culpa voluptatum delectus inventore explicabo 日本 soluta impedit exercitationem excepturi voluptas eos in nostrum possimus tempora asperiores quidem eum sed porro pariatur nulla atque quod aperiam iste eveniet hic officiis aspernatur perspiciatis deserunt accusamus|,|91db9a6d-dce0-4c26-969d-d41c32f76122|
|116d13d4-945d-4a67-89fa-3f80085b0676|,|excepturi voluptates qui assumenda sapiente|,|quis voluptate iure quia atque ipsum veritatis veniam niña optio doloremque incidunt magni quibusdam natus nisi dolores labore omnis reprehenderit alias perspiciatis dolorum distinctio consequuntur necessitatibus est excepturi été quae error obcaecati modi ipsa nesciunt cumque facere quasi inventore iusto ratione officiis fugiat eligendi impedit magnam harum 日本 tenetur accusamus|,|1731cef6-d936-45fa-b6b0-9b9530df7ba2|
|c1609617-79b9-408a-a20f-1b519066d44b|,|dolorem ratione nam modi temporibus|,|saepe aspernatur suscipit nobis ex consequuntur iusto eius impedit cum amet debitis été quidem sequi dignissimos velit dolorum obcaecati optio tenetur ipsam minus minima error nisi quisquam quibusdam quo soluta nulla vero distinctio maiores consectetur adipisci quaerat odit ducimus exercitationem molestias ea et expedita ipsum deserunt cupiditate possimus in eum|,|c7aecdba-58ac-4464-bee1-278083207d81|
|1ed4efcc-0414-4a5f-b816-cd248401df36|,|in magnam deleniti expedita nobis|,|voluptate eligendi nisi illo pariatur possimus nostrum alias praesentium eaque accusantium cupiditate voluptatem debitis magnam excepturi aut quidem rem fuga libero nesciunt laborum nemo ullam modi voluptates quod corporis adipisci nulla recusandae aliquam vitae nam enim unde quia atque dolorem quae quaerat minima ipsam magni autem tempore eveniet 日本 quisquam|,|7d076066-9c68-4c1f-a4b6-f61c4f417a3f|
|05f9fd03-6725-4a8f-b236-482227ac64c0|,|numquam veritatis architecto alias minus|,|inventore accusantium quo in nesciunt minima qui reprehenderit vero temporibus reiciendis provident quae corporis velit vitae dolorem ut omnis accusamus rem quod recusandae libero unde iure earum 日本 excepturi quaerat incidunt quam iste été officiis cumque necessitatibus alias deleniti id aperiam voluptas at optio dolores mollitia soluta quia expedita consectetur|,|5855fb2e-3edd-40e4-a259-d49b74961ff6|
|862920b7-531c-4305-b932-490964b01ca9|,|exercitationem quia eligendi niña velit|,|iusto unde mollitia dolorum repudiandae perspiciatis animi recusandae soluta quia velit officiis tempore reiciendis accusamus magni harum laborum maiores nobis omnis architecto ad vel ullam quibusdam porro iure voluptatum cupiditate doloremque corporis id sunt deleniti neque blanditiis ipsum magnam veritatis facere veniam eveniet laboriosam autem suscipit praesentium consectetur provident placeat|,|9c83fa13-b9e8-4ae4-b276-9e147595d1b7|
|697d5586-165f-4f5a-84fa-24da6b262396|,|nobis in consequuntur tempora suscipit|,|possimus ut corrupti nesciunt natus consectetur laudantium dignissimos commodi quia explicabo debitis iusto niña similique neque qui laboriosam quibusdam quo labore vero numquam ipsa earum libero perferendis ad officiis tempora consequatur porro ea culpa dolorem quasi dolore autem cum cumque repudiandae corporis non provident assumenda placeat consequuntur ex aliquam obcaecati|,|b68191f5-0bb9-438d-9788-653beb3cf08d|
|5dcd3209-5857-4a30-af34-e004e26beb7d|,|voluptatem blanditiis quisquam enim ipsum|,|libero hic tempora fugit tempore temporibus debitis culpa totam repellat optio vitae distinctio accusantium a at doloribus ipsa enim earum maiores facere nam vel harum soluta dignissimos eos sed fugiat incidunt blanditiis consectetur suscipit provident corporis inventore illo deleniti atque omnis esse reiciendis ab ipsam été alias aliquid sapiente commodi|,|b68191f5-0bb9-438d-9788-653beb3cf08d|
|0aca924f-da60-4e98-803c-ec71bd1aef42|,|quas voluptate magni hic tempora|,|consectetur saepe porro ex voluptates veniam fugiat magni dolore rerum id sed été officia omnis sit architecto dolorum aut numquam quos hic velit sint eum enim cum eligendi voluptas veritatis est temporibus beatae quibusdam at nobis facere voluptatem aliquam nulla similique optio tempore adipisci possimus ea dignissimos odit laboriosam tenetur|,|b68191f5-0bb9-438d-9788-653beb3cf08d|
|61d68602-7540-448a-8edd-1f1dfa35bda0|,|aliquid maxime natus perspiciatis adipisci|,|suscipit dolorum debitis odit labore modi optio ullam corrupti odio aut cumque et totam molestias numquam deserunt veniam harum aspernatur veritatis explicabo nesciunt praesentium recusandae sapiente neque qui reprehenderit hic été architecto vel eligendi facere magnam saepe dolore quod repellendus natus amet aliquam excepturi dicta a rerum est quam quidem|,|9c83fa13-b9e8-4ae4-b276-9e147595d1b7|
|4cbfcde2-62d2-4ed2-8176-2ad44416c8d2|,|ex sapiente asperiores ab dicta|,|veniam maxime quasi vero pariatur corporis ullam voluptatem aperiam atque quis eligendi repudiandae officiis qui alias libero asperiores quidem iure aspernatur obcaecati omnis aliquid molestias tempora facere sunt ad ab cumque natus dolorem sequi illo laboriosam expedita numquam deleniti sint nisi dicta accusantium tenetur corrupti ex commodi culpa consequuntur voluptatum|,|b68191f5-0bb9-438d-9788-653beb3cf08d|
|2929586b-e277-4e8f-8731-dd1a0e1a1025|,|expedita ea quaerat quas soluta|,|perferendis dicta iste ex odit nam ipsa iusto explicabo delectus magni voluptatibus animi voluptatum assumenda minus esse numquam modi quae maxime temporibus rerum similique est laborum nulla sunt quidem consequuntur distinctio nostrum veniam ea ipsum necessitatibus id fugit cum dolorum tempore ducimus cumque commodi magnam officia itaque fuga suscipit nobis|,|e390c8ec-8dc5-4277-bf9e-ff308b3b1347|
|d5cf7d60-8480-4f8c-815c-e9d3b304030b|,|eum quaerat iste veritatis delectus|,|quaerat perspiciatis nulla vel autem enim exercitationem maxime nam ea possimus voluptates doloribus rem aliquid error libero corrupti tempora mollitia blanditiis eum cumque repellat nemo aspernatur quod dicta harum accusantium illo soluta minus quo reprehenderit laborum commodi molestiae eveniet modi alias suscipit quos fuga numquam niña similique voluptatum beatae quae|,|9c83fa13-b9e8-4ae4-b276-9e147595d1b7|
|0f08ec39-85d9-4e45-bc21-51941bcf29f0|,|ipsam consectetur illum error fugit|,|nesciunt excepturi voluptate soluta saepe at sed animi ea été porro sequi repellat adipisci ipsum harum veritatis tenetur error quas earum consectetur possimus assumenda optio necessitatibus eos quia laborum inventore doloribus neque fuga iusto aliquam quaerat unde ab ad eligendi quidem cupiditate incidunt temporibus nam itaque numquam placeat laudantium voluptates|,|210fdfb2-80b2-4ae9-86dd-02d807c148a4|
|1face480-a40e-4698-b890-e64a411183ee|,|numquam est ab possimus nostrum|,|quidem necessitatibus similique asperiores nihil quis soluta quos ex perspiciatis amet aliquid odit ad non accusantium ipsa officiis minima consequuntur minus sunt natus veniam voluptates voluptas sint molestias pariatur dolore laudantium adipisci inventore illum consequatur est repellendus fugit qui iusto sed omnis saepe repudiandae recusandae repellat mollitia id ut numquam|,|e390c8ec-8dc5-4277-bf9e-ff308b3b1347|
|b9483ea2-99e6-42fb-9e79-521174919a77|,|veniam nisi non maiores dolor|,|placeat quo aliquid sapiente maiores itaque voluptates non sequi quod doloremque iure minus fugiat alias ab dicta quidem harum iste sunt consequuntur tempore reprehenderit labore exercitationem eveniet cupiditate quisquam accusantium numquam architecto explicabo quibusdam nisi ducimus sed qui corporis dolores consequatur possimus ea laboriosam quae distinctio dolorum eligendi vel repellendus|,|1731cef6-d936-45fa-b6b0-9b9530df7ba2|
|dc9c8caf-d3ef-4284-9742-a2c29cdfb805|,|tempore hic aliquam laudantium pariatur|,|molestiae suscipit et recusandae harum corporis obcaecati molestias corrupti cupiditate voluptas ipsam illo veritatis amet quod ex sapiente in voluptatem reiciendis ea iusto unde porro blanditiis pariatur perferendis quibusdam quidem tempora neque vel quis aliquam tempore dolore atque voluptates fugiat possimus impedit eum 日本 eos deserunt eligendi vitae saepe sit|,|cbfd812d-7b13-4b1c-8193-82a521ce6fb6|
|526f5f03-c97c-4277-bb63-49e279fdf3e8|,|qui dicta accusamus explicabo repudiandae|,|ducimus facere est nemo officia at saepe niña natus veritatis aperiam tempora corporis consequuntur dolor enim 日本 nostrum animi delectus nesciunt maxime vero exercitationem itaque pariatur magni explicabo voluptate aliquam tenetur quasi quibusdam reiciendis minus provident modi vel alias sit quas dignissimos cumque sunt a voluptates ipsum aliquid libero quae|,|210fdfb2-80b2-4ae9-86dd-02d807c148a4|
|8a003c04-4a28-47da-849a-ef7368f45fb2|,|delectus iure libero amet modi|,|assumenda harum eveniet blanditiis voluptatum quod saepe quaerat earum repellat itaque été exercitationem neque fuga eum esse quos nihil perspiciatis quam niña mollitia illum eligendi provident a et libero inventore labore perferendis ea animi dignissimos dolor porro tempore vel nulla minima vero error voluptates dolores quibusdam 日本 cum facilis ipsa|,|91db9a6d-dce0-4c26-969d-d41c32f76122|
|816ba220-00ef-4d22-ae2e-c946fe80d343|,|totam facere quaerat deleniti inventore|,|recusandae accusantium cumque fuga nisi maiores perspiciatis enim sit cupiditate itaque aliquid a assumenda mollitia ut similique at nemo voluptatum libero quisquam aspernatur ipsum laudantium qui quaerat nobis esse totam non voluptates optio porro soluta niña laborum ipsam neque numquam velit rerum magnam consectetur et ad nihil consequatur labore quibusdam|,|7d076066-9c68-4c1f-a4b6-f61c4f417a3f|
|b509a3c6-0b6a-4c1e-b83c-931e01070da5|,|laboriosam saepe voluptate quasi vitae|,|amet molestias consectetur debitis numquam voluptatem iure placeat dolor laboriosam sit voluptate modi quas facilis laborum corrupti labore tenetur accusamus temporibus nemo dignissimos officiis itaque in beatae vel eum deserunt aperiam hic ut illo quia vero quis molestiae praesentium quibusdam architecto libero recusandae non id ratione iusto corporis cupiditate et|,|5855fb2e-3edd-40e4-a259-d49b74961ff6|
|95e1ef14-08cb-4597-9e4c-0ef606492fa5|,|maiores iste commodi libero omnis|,|totam eum laudantium repellat dignissimos ad amet nemo iste placeat eligendi suscipit expedita cum velit rerum laborum nobis modi itaque ipsum deserunt possimus nihil harum quisquam et odio omnis mollitia perspiciatis ut veritatis at similique consequuntur nostrum numquam consectetur necessitatibus sed hic saepe illum fugit reiciendis été eaque magnam ab|,|5855fb2e-3edd-40e4-a259-d49b74961ff6|
|0c63388c-087e-483a-9d39-39e015d5d428|,|omnis exercitationem quis similique ratione|,|minima dolor neque ullam facere dignissimos optio ex unde laudantium maiores voluptatibus dolores asperiores quis quia molestias autem quod eius temporibus sapiente hic voluptatem maxime debitis est amet facilis veritatis delectus repudiandae rem quasi 日本 ratione iure in dicta libero aliquid aliquam aspernatur quisquam saepe culpa quidem earum illum nemo|,|c7aecdba-58ac-4464-bee1-278083207d81|
|8360d3c5-4e71-44ef-8860-98c8f0dded90|,|molestiae reiciendis nihil vero excepturi|,|iste est magni ea consectetur assumenda maiores voluptatem nostrum voluptatum vero vitae expedita soluta esse sint modi dolore officia eum été laborum quas iure 日本 facere sequi aliquid animi eaque nemo quae aperiam quis sed cupiditate natus dicta omnis delectus corporis mollitia pariatur itaque reprehenderit quam nulla aliquam inventore tempora|,|1731cef6-d936-45fa-b6b0-9b9530df7ba2|
|87157199-3460-4223-8ee3-34c151c7d326|,|iure cumque voluptatibus expedita sed|,|et maiores quam nulla quae niña veniam minima pariatur similique esse neque commodi in reprehenderit necessitatibus doloribus blanditiis ratione earum autem veritatis accusantium reiciendis perferendis delectus dignissimos praesentium été quia aliquid magni corrupti ullam cumque illum saepe accusamus incidunt nostrum error cum molestias harum fugiat expedita porro sapiente consequuntur consequatur|,|cbfd812d-7b13-4b1c-8193-82a521ce6fb6|
|e773ca90-0ad4-4656-930e-43335eb0a113|,|voluptates accusantium quidem est cum|,|dolore temporibus provident animi numquam laborum consequatur itaque dolor 日本 suscipit voluptates ipsam quas cum consectetur sed dolorem odio deserunt laboriosam omnis esse sapiente porro possimus neque nam eaque velit dignissimos architecto vero alias officia ratione impedit ab maiores explicabo nostrum sint vitae eveniet incidunt magni quae reprehenderit tempora eum|,|b68191f5-0bb9-438d-9788-653beb3cf08d|
|8a321e13-b1a3-4910-9167-bd15d1a41ad9|,|voluptatibus aspernatur a deserunt tempore|,|unde dolorum sequi fugiat est perspiciatis reiciendis magni non minus atque ipsum alias doloribus quam sed tenetur incidunt aliquid perferendis aperiam a rerum aliquam asperiores iusto facere cumque odio veniam minima niña nemo repellendus tempore pariatur ut libero neque iure quasi deserunt nesciunt autem qui at itaque provident dolore natus|,|5855fb2e-3edd-40e4-a259-d49b74961ff6|
|14d77842-a7b2-4081-8416-4890c2e0d6c1|,|at iusto necessitatibus quod est|,|sed minus maxime ut expedita voluptate asperiores dolorem dolor sit nostrum aperiam nesciunt distinctio consequatur sunt vitae consequuntur accusamus iusto fugiat at eligendi repellat fugit odio suscipit cum similique tenetur sapiente culpa assumenda repudiandae officiis voluptatem velit quisquam quae maiores cupiditate nisi corrupti quasi delectus alias veritatis itaque ullam aliquid|,|9c83fa13-b9e8-4ae4-b276-9e147595d1b7|
|2a686448-b46b-4bb1-b4d0-35d3385adcae|,|totam veniam quidem repellendus iste|,|facere esse ipsa natus quo optio dignissimos temporibus facilis aut aperiam provident aliquam laborum harum voluptate dolorem sed accusamus voluptates itaque asperiores corporis blanditiis est perferendis deserunt magnam non 日本 vel delectus reiciendis possimus dolores minima unde expedita cum dolore voluptas pariatur laboriosam eum ducimus rem minus veniam alias at|,|e390c8ec-8dc5-4277-bf9e-ff308b3b1347|
|a5eb8649-d595-4959-a417-3a167780735e|,|provident obcaecati debitis officiis optio|,|debitis harum tempore reiciendis veritatis aliquam doloremque qui magnam dolorum hic perspiciatis tenetur ad nam deleniti eligendi consequatur laudantium est maiores quod unde officiis sed ea ipsa incidunt rem enim natus laboriosam necessitatibus niña et illum blanditiis repellat quas ullam ratione minima itaque earum quia vitae consequuntur facilis quibusdam architecto|,|c7aecdba-58ac-4464-bee1-278083207d81|
|a59e6aba-4a04-4f61-bcc0-55ebe8153e23|,|libero aspernatur at similique deserunt|,|deleniti vitae incidunt nemo maxime officia nostrum voluptates minus atque perferendis inventore excepturi tempore recusandae vel sint ipsa ad exercitationem reiciendis quae perspiciatis necessitatibus suscipit aliquam niña quo numquam rem 日本 été maiores beatae earum mollitia explicabo sit cumque qui quaerat consectetur at nobis quos molestiae hic delectus ratione minima|,|c7aecdba-58ac-4464-bee1-278083207d81|
|03a1fb93-2c5c-41cf-9f7f-6d69bbac85d9|,|niña natus maiores veritatis sed|,|illum voluptas consectetur ab maxime consequatur rerum vero esse aperiam omnis impedit atque soluta sunt sint totam excepturi blanditiis obcaecati corporis velit cumque praesentium enim est qui hic nihil et officia mollitia dignissimos pariatur sit eius voluptatem sapiente perspiciatis earum minima adipisci placeat ullam alias dicta ut quibusdam molestiae accusantium|,|210fdfb2-80b2-4ae9-86dd-02d807c148a4|
|c7ef5e3a-ec44-49ed-b463-1f8e2d098a2e|,|quasi neque qui est eveniet|,|atque perferendis voluptates vero sed deserunt assumenda similique molestiae corrupti sapiente nobis facilis ea natus fuga doloremque aspernatur nulla quam veritatis laudantium sunt cupiditate necessitatibus in eaque ad animi ducimus quo enim voluptatum soluta iste eos illum dolorem repellendus neque magnam été amet et hic repudiandae distinctio iure nam harum|,|91db9a6d-dce0-4c26-969d-d41c32f76122|
|72facf23-43fa-4d80-86b8-5faaaf1917af|,|quos suscipit inventore nam quaerat|,|quam quasi molestias natus magni asperiores consequuntur perspiciatis omnis placeat officia quisquam impedit velit nam accusantium deleniti corporis saepe similique ad quos vitae totam excepturi veritatis libero ex odit autem aliquam a voluptatum atque eligendi fugiat necessitatibus quia nostrum iure qui commodi alias quo magnam illo quis incidunt sit eos|,|c7aecdba-58ac-4464-bee1-278083207d81|
|f5ee641e-889d-436e-8a9e-fa6d2b8075b8|,|possimus officia harum provident repudiandae|,|ut praesentium excepturi possimus ea minus reiciendis nulla non distinctio doloribus odit explicabo voluptatibus minima eius nisi inventore nam asperiores obcaecati est provident totam corrupti exercitationem deserunt atque quam voluptas esse placeat voluptatem quos illo iste sint voluptatum rerum incidunt a perspiciatis et ullam aspernatur illum voluptates in perferendis libero|,|7d076066-9c68-4c1f-a4b6-f61c4f417a3f|
|e055c291-0dce-42f5-b93c-32bd8e0d6885|,|doloribus sequi nobis consequuntur commodi|,|voluptatum iste nostrum odit soluta animi obcaecati vel nulla tempore aspernatur explicabo laborum niña laboriosam excepturi necessitatibus illo voluptatem enim ipsam non saepe ex deleniti magnam velit tenetur doloremque fuga accusamus totam exercitationem 日本 harum a placeat aperiam eveniet fugiat mollitia incidunt quo delectus nihil veritatis ipsum deserunt voluptate dolorem|,|1731cef6-d936-45fa-b6b0-9b9530df7ba2|
|3e2d3a71-3625-4767-9d36-b5d738b0beb1|,|enim impedit optio sunt veniam|,|rem nam repudiandae exercitationem sint ullam cupiditate cumque esse obcaecati at quia corrupti neque laboriosam accusamus placeat reprehenderit id nisi libero eveniet voluptatibus velit quisquam vero iste perspiciatis quasi itaque dolores debitis quos et dolore suscipit tenetur quaerat qui quis minus repellendus quas saepe excepturi soluta illo a recusandae dolor|,|e390c8ec-8dc5-4277-bf9e-ff308b3b1347|
|b02fbcfc-630d-49aa-bb7c-190e5caa944d|,|nisi aut fugit nemo dolorum|,|magnam quis cumque eos sint maxime dolor totam itaque perferendis accusantium quibusdam ad placeat quos sit autem ea debitis et aut eligendi praesentium ipsa commodi repudiandae incidunt ullam nihil doloribus deserunt iure quas animi saepe necessitatibus obcaecati niña numquam expedita dolore assumenda laudantium rem voluptas hic est eum ex voluptatum|,|e390c8ec-8dc5-4277-bf9e-ff308b3b1347|
|725ec1b3-815f-4303-81c0-b336c2065e7d|,|possimus a tempora impedit delectus|,|inventore architecto quia deleniti animi ea vero nihil at et consequuntur excepturi quis officiis corrupti non porro doloribus quam 日本 nostrum neque amet impedit libero tenetur voluptatibus rerum quas sequi quisquam explicabo voluptatum modi similique iusto facilis iure culpa ab asperiores tempore aperiam fugit veritatis ipsum saepe doloremque nemo repudiandae|,|210fdfb2-80b2-4ae9-86dd-02d807c148a4|
|952aa696-6695-487c-8ac2-500bc9109f68|,|consequuntur cupiditate non ratione vel|,|iure iusto 日本 placeat quasi sunt aliquid enim error eos voluptatem quaerat dignissimos fuga porro deleniti beatae laboriosam neque nemo ipsum niña aperiam consequatur iste nisi explicabo quo amet numquam voluptas delectus debitis suscipit pariatur atque unde quis tenetur exercitationem aspernatur similique necessitatibus ratione cumque labore in nobis natus blanditiis|,|210fdfb2-80b2-4ae9-86dd-02d807c148a4|
|025de38f-a7b4-4fbd-81cd-9b35fd7371c2|,|eius sint a quos blanditiis|,|inventore molestiae maxime dicta maiores voluptates est placeat a deleniti repellat cumque aliquid doloribus sunt blanditiis at consequuntur repellendus saepe dolorem voluptatum debitis veniam hic ut reiciendis eos accusamus sed perferendis quos ducimus ex similique fugit ab dolor in accusantium illum odio architecto voluptate aspernatur fugiat vel cupiditate aut laboriosam|,|b68191f5-0bb9-438d-9788-653beb3cf08d|
|9385acba-8e2d-4b2d-9c39-3f898c9cad4e|,|veritatis quisquam voluptates sunt exercitationem|,|error consequuntur eius ducimus debitis nobis voluptatem ea ullam ad asperiores totam porro blanditiis voluptatibus ut voluptates culpa sed temporibus unde doloremque veritatis nulla qui pariatur atque enim aperiam quo labore nemo aliquam vero possimus minima rerum neque nostrum eum accusantium minus accusamus nesciunt harum sapiente at eos quidem adipisci|,|210fdfb2-80b2-4ae9-86dd-02d807c148a4|
|421c2930-876c-425c-abc2-e0397324be28|,|provident molestias ad repellat excepturi|,|nisi obcaecati perferendis iusto blanditiis id architecto fugit ab eos nemo assumenda temporibus nam saepe necessitatibus ea culpa dolore vel ut quae sed voluptatem nesciunt dicta deserunt distinctio beatae libero quaerat labore hic qui dolor at cupiditate deleniti doloribus aperiam voluptas quisquam optio odio eum asperiores dolorem enim fuga commodi|,|e390c8ec-8dc5-4277-bf9e-ff308b3b1347|
|1b2deb63-95c4-4e21-812b-09c818c4b718|,|praesentium expedita ex nesciunt vel|,|ab nostrum fuga hic impedit quasi adipisci veniam eligendi tempora aspernatur quos praesentium cumque molestiae quis fugit ipsum animi voluptates rem sunt pariatur mollitia nobis quod temporibus doloribus blanditiis est ut nemo saepe totam aliquam vel doloremque soluta in excepturi obcaecati iste et consequatur commodi labore itaque aliquid facilis enim|,|7d076066-9c68-4c1f-a4b6-f61c4f417a3f|
|9607f6ba-6054-4e08-9072-131362510dac|,|unde a deserunt natus id|,|ex velit voluptates été fugit commodi ea sequi suscipit quasi repellat illo molestiae culpa dolor officia doloremque delectus recusandae natus qui corporis eaque iste niña pariatur beatae omnis est quidem voluptas veritatis impedit sapiente asperiores sunt maiores mollitia blanditiis et fugiat cupiditate facilis eius saepe perspiciatis corrupti dolorem tempore officiis|,|b68191f5-0bb9-438d-9788-653beb3cf08d|
|ef307f0d-afe6-4b82-8d71-a45d8b8d5eca|,|quis ipsum necessitatibus fugiat nisi|,|officia harum expedita a minus aliquam fugit incidunt quos nemo molestiae non reprehenderit eaque quidem modi illum provident voluptates sunt quo accusamus velit dolores iure alias perferendis reiciendis nam esse adipisci culpa eius ea corporis laboriosam vitae cupiditate temporibus magnam fugiat saepe quas obcaecati porro commodi atque pariatur at omnis|,|c7aecdba-58ac-4464-bee1-278083207d81|
|0b1c74a3-56ec-4d99-b036-169d331e11aa|,|vero repudiandae sequi été provident|,|recusandae quisquam laboriosam quia eum soluta aspernatur ipsam ea eveniet quidem eaque iusto molestiae nihil dolorum voluptatum cupiditate aliquid ipsum totam reiciendis tempore fugit adipisci officia sapiente voluptates nostrum perspiciatis ducimus illo reprehenderit voluptatibus consectetur quis est incidunt vero sed laudantium quaerat dolor corrupti veniam quas expedita corporis ut ratione|,|1731cef6-d936-45fa-b6b0-9b9530df7ba2|
|287af988-a6a7-426b-8037-e8a7c30cd14b|,|recusandae blanditiis maxime quam distinctio|,|eius nemo voluptatibus rem dolore dolorem enim sunt mollitia voluptatum ipsa rerum a quasi odio été commodi ea pariatur eveniet expedita illo ut deserunt aut reiciendis molestias esse atque nam officia alias impedit cumque fuga repellat nesciunt sit niña quidem numquam nostrum natus possimus id ipsam iste temporibus ad omnis|,|7d076066-9c68-4c1f-a4b6-f61c4f417a3f|
|db617651-4bf5-4195-9603-01a30b7070f2|,|similique unde labore ratione pariatur|,|molestiae perspiciatis eum maiores in niña quam exercitationem quae assumenda quis laudantium esse quaerat minima reprehenderit tempore nobis quidem aperiam architecto sit iure perferendis saepe praesentium accusantium fugiat delectus dolores labore porro velit obcaecati officia veritatis maxime suscipit omnis nulla 日本 ex earum laborum commodi distinctio animi dolorum impedit et|,|210fdfb2-80b2-4ae9-86dd-02d807c148a4|
|5e84b5e7-ba80-4926-9116-46a666c684db|,|inventore perspiciatis cum voluptas assumenda|,|quas quia été sapiente quos enim distinctio tempora assumenda quo iure maxime repellendus inventore veritatis alias possimus perferendis quis quasi commodi vero id ipsa fuga tempore quam officiis dolor quidem dolorem magnam harum ipsam nostrum corrupti ratione earum natus non optio excepturi culpa labore soluta vel repudiandae reprehenderit modi nisi|,|91db9a6d-dce0-4c26-969d-d41c32f76122|
|6659a058-7383-4f44-bc82-bd48c33b7cd6|,|non unde sed iure numquam|,|optio ea explicabo nihil tenetur ex suscipit 日本 nobis maiores amet nesciunt sed accusantium ab fugiat architecto sequi ducimus inventore dolorum iste aspernatur esse quo eos eius eveniet vitae vel similique culpa qui pariatur quas blanditiis placeat fuga eaque neque earum illum ut quasi velit excepturi accusamus voluptas doloremque repudiandae|,|91db9a6d-dce0-4c26-969d-d41c32f76122|
|84904af5-c933-4e50-92ee-21739a8026f2|,|eos quam facilis consequuntur dolorem|,|fugiat expedita commodi id ipsa adipisci quisquam tempora voluptatem consequatur culpa minima niña enim atque repellendus consectetur aperiam ad qui eius illum vero exercitationem voluptate vel repudiandae accusantium quam delectus reprehenderit nesciunt a blanditiis minus aliquid necessitatibus laboriosam itaque optio doloribus impedit distinctio perferendis dolorum velit et nisi iusto sed|,|e390c8ec-8dc5-4277-bf9e-ff308b3b1347|
|22e7f895-f8de-4456-929e-6b1dbe332d40|,|perspiciatis ipsam ex totam natus|,|voluptates tempore sint nulla eligendi rem placeat unde asperiores ex delectus cumque suscipit in aperiam iste quaerat reiciendis quas sunt cupiditate laboriosam veritatis dolores reprehenderit quasi eos niña dicta nam explicabo officiis blanditiis maiores exercitationem soluta possimus minima repellendus quis dolore mollitia culpa amet eaque laudantium quisquam obcaecati ratione quidem|,|9c83fa13-b9e8-4ae4-b276-9e147595d1b7|
|93aa72b1-0fdd-4a21-b0e0-5decdbb05d80|,|recusandae consectetur adipisci a aut|,|provident omnis adipisci nulla quia tenetur optio culpa neque modi molestiae impedit sit quos minima illo magnam sequi quas doloribus laboriosam recusandae distinctio sed sint totam obcaecati dolorem 日本 error repellendus quibusdam deserunt labore reprehenderit nesciunt exercitationem inventore aperiam consectetur quis dolor odio ut quae odit vel accusamus maiores rerum|,|c7aecdba-58ac-4464-bee1-278083207d81|
|c147e698-b3df-442b-9af9-136f3d78978c|,|été aspernatur non commodi delectus|,|aliquid laboriosam velit delectus eaque mollitia nesciunt vitae adipisci non laborum quod tenetur voluptatum odio impedit similique vel neque voluptates modi quo praesentium voluptas vero quasi illum quas deleniti dicta ea dolores pariatur eum deserunt minima eveniet esse exercitationem sequi voluptate sint ut distinctio doloribus consequuntur in doloremque officiis hic|,|cbfd812d-7b13-4b1c-8193-82a521ce6fb6|
|aa63dd0c-6dc3-4c24-ad7b-06431ac7f0b8|,|beatae veritatis dolorem dolorum enim|,|ducimus ab repellendus ipsam dolore quidem fugit totam blanditiis exercitationem deserunt aliquam doloribus aut velit facilis été niña impedit mollitia maiores cumque a itaque ad repudiandae at consequuntur vitae laudantium minima sint pariatur optio porro molestiae dignissimos eaque dolores tempore veritatis rerum numquam 日本 magni eius unde quam laboriosam quis|,|b68191f5-0bb9-438d-9788-653beb3cf08d|
|97d5222e-f0a9-44f6-ab75-62c65eeb4a55|,|atque provident nihil sunt sit|,|quos doloribus voluptatibus asperiores voluptatum autem odio similique quas quidem inventore est accusamus libero id nostrum voluptates fugit incidunt dolores recusandae facilis laudantium repellat cumque ex consequatur sequi dolore cupiditate molestias iusto maiores corporis in et ad voluptate unde cum nisi fuga maxime optio eius fugiat necessitatibus veritatis ratione earum|,|1731cef6-d936-45fa-b6b0-9b9530df7ba2|
|13478b52-09e6-43e3-90e0-f13013f40863|,|quis blanditiis libero odio cumque|,|recusandae error autem nostrum accusantium consectetur eligendi quaerat provident minus aliquid doloribus saepe esse itaque voluptatum iste officia id sed cupiditate natus culpa impedit similique aspernatur cumque nisi tenetur velit pariatur voluptas iure neque omnis beatae temporibus adipisci dignissimos perferendis corporis porro est ad quidem repellendus ea nemo fugiat perspiciatis|,|1731cef6-d936-45fa-b6b0-9b9530df7ba2|
|c055eb24-e173-4e0e-8606-2db3c657393d|,|labore suscipit vero laborum similique|,|nesciunt in qui tenetur aliquam laudantium maiores vitae doloribus alias repellat aspernatur inventore eveniet tempore reiciendis pariatur fugit labore error doloremque sunt quo officia cupiditate earum dolor eum corrupti excepturi ea beatae voluptatibus blanditiis corporis quos quae consequuntur ipsa obcaecati incidunt placeat saepe ipsam ab nulla ratione eaque voluptate assumenda|,|b68191f5-0bb9-438d-9788-653beb3cf08d|
|5865ec85-d4c7-4f4e-9631-c91066ff7d41|,|alias temporibus veritatis minima repudiandae|,|ratione quis quae alias ad error nihil voluptatibus distinctio necessitatibus dolor beatae consequatur rerum repellat maxime cumque quo quam facere unde officiis aliquam perferendis architecto eaque iure dolores quidem aperiam labore ullam possimus été earum non tenetur voluptatum assumenda quaerat expedita voluptate similique itaque eius nisi soluta ab at voluptas|,|cbfd812d-7b13-4b1c-8193-82a521ce6fb6|
|1b5e49d8-ca92-4a47-a8b1-b591a41497dc|,|saepe mollitia animi amet repellat|,|non nobis magni fugiat tempora temporibus aspernatur delectus illum nesciunt deserunt error laudantium distinctio ex consequatur dicta sapiente 日本 labore ut cumque cupiditate vel exercitationem est commodi explicabo nostrum officiis dolores asperiores voluptates ea dolorem earum ipsam illo autem ab suscipit neque molestiae repellendus adipisci nisi accusamus atque tenetur soluta|,|5855fb2e-3edd-40e4-a259-d49b74961ff6|
|e1ea9720-898a-4d54-9664-a81c0c7f2b9a|,|optio possimus illum atque doloribus|,|perspiciatis debitis qui veniam odit esse dignissimos eos doloremque veritatis quaerat placeat laboriosam dolor minima at ipsa alias eveniet a mollitia commodi 日本 minus pariatur optio tenetur facere autem eius quisquam facilis reprehenderit aliquid nisi officia necessitatibus dicta aspernatur animi ullam suscipit cum possimus fugit ratione aliquam ab quod iste|,|5855fb2e-3edd-40e4-a259-d49b74961ff6|
|64261668-b6d4-4e33-a619-7d9d57c2da68|,|ipsa aut dolorem consequatur reprehenderit|,|illum minima incidunt velit iste unde illo quae amet numquam corporis alias labore hic minus explicabo similique id quis officiis nisi commodi voluptatum cum est earum assumenda ipsam et autem asperiores suscipit exercitationem rerum esse inventore provident facilis odio vel pariatur reprehenderit sunt ex sed deserunt aliquam quidem quam tenetur|,|210fdfb2-80b2-4ae9-86dd-02d807c148a4|
|8048464d-8735-4240-9c5c-e87580df3a96|,|ipsum beatae rem modi temporibus|,|été possimus illo quia nemo ut temporibus odit omnis recusandae beatae eligendi dolorum animi rem perferendis hic adipisci nisi reiciendis sunt molestiae praesentium voluptatum suscipit est sed similique quod asperiores enim sit nam eos non ad laborum dolores culpa consectetur commodi ea consequatur debitis officia magni magnam a pariatur iste|,|1731cef6-d936-45fa-b6b0-9b9530df7ba2|
|61002379-a509-408a-beab-0a6bb697fe1b|,|in perspiciatis sit voluptatem eaque|,|porro incidunt rerum nemo harum non fuga magni tempora commodi dolores laudantium eos mollitia officia voluptatem corporis ipsam labore expedita itaque asperiores voluptatibus odit totam inventore quod aliquam sit error nam accusamus voluptas hic 日本 necessitatibus nisi a dolore facilis animi quibusdam neque illum velit in magnam cumque quis tenetur|,|210fdfb2-80b2-4ae9-86dd-02d807c148a4|
|4387b9f6-a03a-43ac-92d0-679faeb20fdb|,|illo optio totam distinctio expedita|,|doloremque voluptatibus praesentium sint vitae quod unde natus illo inventore numquam adipisci provident illum deleniti expedita ullam eum earum atque laborum perspiciatis a et velit non sequi dolor temporibus quidem fuga aspernatur cum reiciendis dolorem incidunt quia sapiente quaerat magni distinctio minima quisquam ea eligendi dolore repellendus nostrum tempore omnis|,|210fdfb2-80b2-4ae9-86dd-02d807c148a4|
|6aee2819-2bf4-461c-ad07-cf2f967960cd|,|fuga quae aut sapiente odit|,|praesentium itaque enim asperiores magni perferendis quaerat nobis voluptates fugit aperiam in numquam distinctio dolor vero molestiae corrupti ab dolorum facilis suscipit dicta nihil ex assumenda omnis repellendus perspiciatis repellat error totam dolores at recusandae rem odio nisi incidunt doloremque voluptatem illo laborum architecto id ut quis quisquam ratione cum|,|c7aecdba-58ac-4464-bee1-278083207d81|
|e44c3e3f-05ed-424d-ac55-a6ad35a79886|,|dolorem aliquam expedita quis molestias|,|incidunt reprehenderit dolorem ducimus id delectus été 日本 ut nulla provident suscipit debitis dignissimos adipisci praesentium nemo laborum illo odit voluptas nobis repellendus eius tempore fugit magni porro doloribus officiis assumenda dolore saepe fugiat voluptatum sequi harum ipsam dolorum non iure qui facilis quia hic sunt consequuntur ipsa tenetur deserunt|,|9c83fa13-b9e8-4ae4-b276-9e147595d1b7|
|38b18dd5-32db-4a2c-80a8-c071557c992c|,|eligendi quae alias maiores id|,|minus dolor explicabo itaque quasi odit aspernatur quisquam laboriosam tempore in alias enim aliquid reiciendis suscipit dicta minima fugit voluptas consequuntur exercitationem modi neque earum laudantium beatae repellat officia aperiam quae delectus fugiat facilis corrupti commodi ab quis mollitia dolorem odio consequatur distinctio quidem non amet nisi voluptates asperiores repellendus|,|b68191f5-0bb9-438d-9788-653beb3cf08d|
|9fec88ea-4c84-4b9d-877c-7e63847f97dc|,|niña quo quae reiciendis molestiae|,|corporis consequatur dicta architecto ab esse ratione omnis vitae aliquid porro sint odio quis sapiente non unde id modi quasi beatae laudantium magni sequi harum recusandae iusto suscipit distinctio sunt nam nobis ea illum officiis voluptatibus ullam consectetur quod mollitia explicabo 日本 ipsum itaque sit facilis repellendus excepturi ipsa expedita|,|91db9a6d-dce0-4c26-969d-d41c32f76122|
|b803ed17-b983-4e93-940a-d3bc77eb52bb|,|fugiat nobis deleniti voluptates voluptate|,|autem qui voluptate quasi reiciendis porro quae perferendis nobis laboriosam vitae cumque dolorum ab ducimus tempore ea non excepturi officia recusandae 日本 corporis magni possimus eius cum ut quis ipsum commodi iusto sit soluta repellat officiis sunt nisi ipsam aspernatur iure voluptatibus quam necessitatibus placeat illo exercitationem adipisci nam doloremque|,|cbfd812d-7b13-4b1c-8193-82a521ce6fb6|
|b479fdf8-d884-4332-8b05-d7eb61198245|,|voluptate a earum vel nobis|,|eos odio similique velit nostrum maxime repellat nobis libero maiores minus rem tenetur vitae deserunt accusamus eum alias été deleniti enim animi impedit veritatis a sint necessitatibus ad neque niña explicabo perspiciatis voluptate quidem commodi illum voluptas provident cupiditate earum facere tempora excepturi vero ut dolor blanditiis repellendus possimus magnam|,|e390c8ec-8dc5-4277-bf9e-ff308b3b1347|
|473c9a8a-1a5b-4bbf-90d3-deb4634106a0|,|molestiae voluptatem rerum accusantium soluta|,|illo cupiditate repudiandae a eveniet été recusandae esse iste ullam ratione corporis niña nesciunt fugit vel blanditiis dolorum consectetur nobis earum debitis dolore voluptatibus iure quos rerum sit praesentium exercitationem nulla repellendus minus quidem ipsa veritatis aliquam accusantium modi iusto perferendis dolores id facere deserunt autem doloremque inventore sint laboriosam|,|9c83fa13-b9e8-4ae4-b276-9e147595d1b7|
|dabd4494-90eb-4463-9a7a-689e5a73b456|,|eum saepe natus quod unde|,|日本 fuga fugit repudiandae autem tenetur quos aliquam ipsam non error nisi rem est voluptates vero maxime esse sint unde eius asperiores saepe temporibus iste eaque rerum niña dignissimos cupiditate dolor in iusto earum sunt architecto minima inventore vitae laudantium deserunt adipisci consequuntur sapiente at eum quisquam eos similique modi|,|e390c8ec-8dc5-4277-bf9e-ff308b3b1347|
|59f52b92-61c2-4f3f-a17b-a7eb8164eb42|,|quos asperiores consequuntur nam fugit|,|quis enim nam magnam fugit praesentium animi esse niña vel reprehenderit debitis nostrum doloremque accusamus molestiae ratione quam corrupti modi nulla itaque nobis ipsam magni quos impedit sapiente explicabo maxime expedita delectus repellendus harum eligendi ut quasi tenetur ex quaerat a alias provident saepe ad culpa autem natus incidunt fugiat|,|91db9a6d-dce0-4c26-969d-d41c32f76122|
|d7307e6c-a011-4a03-9067-c063a91ea3e1|,|similique id distinctio ad nemo|,|consequatur ex 日本 fugiat voluptatibus architecto provident impedit eos commodi ipsa eveniet ad sit corrupti dolorum iste blanditiis quae officia possimus perferendis harum nihil exercitationem ut cum recusandae aut in ratione enim deleniti a accusamus distinctio numquam magni hic sapiente velit été alias aspernatur ea suscipit minus veniam laudantium eligendi|,|9c83fa13-b9e8-4ae4-b276-9e147595d1b7|
|d43dc9b7-61da-4ef2-a810-8af4be3b763d|,|molestias error été dolore rerum|,|obcaecati tenetur ab qui esse error ut placeat fugiat aspernatur atque suscipit ipsa corrupti eos molestiae rem blanditiis harum facilis vero sed eaque cumque eligendi quam ipsam inventore pariatur laudantium voluptatum voluptatem commodi itaque ea sapiente odio velit at dicta eum id earum neque numquam nemo quod accusantium officia repellat|,|9c83fa13-b9e8-4ae4-b276-9e147595d1b7|
|9e1c762b-ada1-42cc-b841-bc1f5c34fa43|,|tempore blanditiis repellendus autem vel|,|quibusdam saepe at eligendi incidunt ipsa aspernatur ad ullam dicta deleniti quam blanditiis impedit modi sed placeat laborum fuga praesentium soluta tenetur rem animi voluptas ducimus sapiente ab enim error adipisci hic consequatur exercitationem eaque similique repellat rerum veritatis maxime unde fugit deserunt commodi sunt iure dolor totam veniam esse|,|210fdfb2-80b2-4ae9-86dd-02d807c148a4|
|c80a2418-50c0-4b8c-bbb3-81b09bd11a36|,|deserunt corrupti eius incidunt consequatur|,|delectus niña ratione necessitatibus saepe expedita officia a nobis dolorem neque impedit sint corporis nihil molestiae voluptates consequatur assumenda blanditiis voluptatum incidunt adipisci est aliquam distinctio laboriosam culpa ea praesentium laudantium ut voluptatibus doloremque rem debitis maiores optio alias officiis ullam perspiciatis dignissimos veniam été possimus eum ipsa ipsum quis|,|210fdfb2-80b2-4ae9-86dd-02d807c148a4|
|882f03e6-ace3-4b66-87c6-0a4616860e4d|,|quis debitis velit nam beatae|,|dignissimos modi at deserunt libero eveniet dicta commodi eaque exercitationem été repellendus beatae rem officiis minus rerum et magnam ad temporibus quaerat sit nobis incidunt 日本 porro quia mollitia assumenda ducimus culpa eius aliquam quis error deleniti asperiores consequatur odit dolorem adipisci molestiae omnis nesciunt maxime possimus dolores a provident|,|91db9a6d-dce0-4c26-969d-d41c32f76122|
|34e95249-b219-4641-b1ea-821906dfe140|,|labore aspernatur ad dolore modi|,|aperiam earum accusantium vitae at alias nisi labore excepturi sunt facere vero culpa 日本 sit eligendi ipsa suscipit deleniti nostrum aliquid obcaecati eveniet quidem esse provident ullam fuga voluptates magnam voluptatum natus été nemo iste autem voluptate officia asperiores vel debitis quisquam dolore similique exercitationem cupiditate error necessitatibus hic eius|,|1731cef6-d936-45fa-b6b0-9b9530df7ba2|
|ad1e03b5-71c2-4f67-8ca9-1d4127274eff|,|tempore nostrum illo modi ea|,|cupiditate id voluptatem sequi quasi alias impedit quas ipsam sed facere sint architecto autem nostrum quam cumque numquam possimus pariatur a voluptate quaerat repudiandae earum amet explicabo ipsa expedita nobis officiis dolorum repellat molestiae quibusdam neque iusto niña inventore in aliquid et hic necessitatibus officia atque qui sit temporibus corporis|,|1731cef6-d936-45fa-b6b0-9b9530df7ba2|
|a280af1e-520f-401d-bec4-c36860ba16a4|,|perspiciatis facere laudantium dolor officiis|,|nesciunt nisi soluta voluptatum quo voluptas illum impedit magnam iusto porro accusantium fuga sunt sequi quas obcaecati repellat modi fugiat voluptate temporibus perferendis ducimus blanditiis qui reiciendis eaque pariatur libero iste accusamus exercitationem possimus hic assumenda quidem amet dolores dolore aperiam culpa veniam dignissimos excepturi atque similique dolor quibusdam laudantium|,|1731cef6-d936-45fa-b6b0-9b9530df7ba2|
|885c6f89-3148-47dd-ae60-8ec64e7ad74c|,|labore obcaecati amet provident quo|,|neque dolores aspernatur hic beatae aliquid totam placeat nam minus niña magnam repellat est at earum blanditiis mollitia quidem numquam quaerat ab explicabo velit ducimus ipsum deleniti autem unde possimus dolorum cum odio consequuntur voluptate itaque ipsam veritatis eveniet laboriosam laborum nihil accusantium obcaecati eos illum modi debitis dolorem iste|,|c7aecdba-58ac-4464-bee1-278083207d81|
|2ab5a64c-80c4-4744-afee-a15234bb6277|,|perferendis enim repellendus nisi illo|,|doloribus veniam cupiditate modi reprehenderit in voluptatum tempore numquam deserunt sequi est facilis molestiae repellat laudantium commodi temporibus provident repudiandae distinctio été illum dolorem similique minima explicabo id mollitia sit quis itaque voluptatibus obcaecati saepe vel ad unde eveniet blanditiis neque corporis omnis aliquam ea adipisci aspernatur at iste porro|,|7d076066-9c68-4c1f-a4b6-f61c4f417a3f|
|48931e33-0b81-4894-86b1-f77dd81b415a|,|alias perspiciatis minus nesciunt placeat|,|mollitia nulla fugiat nostrum veniam eligendi dolor iure eius et placeat modi nisi sapiente voluptate libero reiciendis neque officiis repellendus harum atque amet enim sed illum ipsa autem necessitatibus sint a reprehenderit cupiditate iusto est explicabo excepturi rem aliquid natus tempore voluptas soluta quae quis provident consequuntur laboriosam deleniti similique|,|91db9a6d-dce0-4c26-969d-d41c32f76122|
|bf67222d-7ae9-4530-bf20-9b0df34ae242|,|blanditiis consectetur totam aperiam dolorum|,|officia error voluptates architecto voluptate sed culpa aperiam quas maxime quibusdam reprehenderit odio nostrum laudantium corrupti fugit cum vitae ab dolorum cupiditate adipisci vel aut eius recusandae dolor accusantium numquam incidunt nihil nisi ipsum aliquid illo est totam tenetur doloremque cumque possimus 日本 saepe excepturi iure eveniet nulla deserunt eos|,|c7aecdba-58ac-4464-bee1-278083207d81|
|72b20b47-bd0e-4c36-af3f-93f49dbc1e1f|,|vitae necessitatibus laboriosam quae quam|,|recusandae et cumque sunt reprehenderit adipisci expedita tenetur itaque quasi veritatis tempora inventore pariatur hic doloremque eveniet nesciunt minima harum deserunt autem vel ad a aspernatur dolores aperiam fuga similique rerum quas possimus ex enim quos explicabo numquam quae quod eum omnis quia laboriosam voluptatum asperiores odit nisi distinctio officia|,|5855fb2e-3edd-40e4-a259-d49b74961ff6|
